Date,Market cap (fully diluted) ($),Fees ($)
2020-05-05,,0.00
2020-05-06,,0.00
2020-05-11,,0.00
2020-05-12,,0.01
2020-05-13,,0.05
2020-05-14,,0.26
2020-05-15,,2.06
2020-05-16,,0.37
2020-05-17,,0.09
2020-05-18,,331.16
2020-05-19,,3702.00
2020-05-20,,3737.42
2020-05-21,,3712.95
2020-05-22,,3972.80
2020-05-23,,3430.56
2020-05-24,,3757.94
2020-05-25,,2949.11
2020-05-26,,3506.61
2020-05-27,,3365.60
2020-05-28,,4028.74
2020-05-29,,7063.79
2020-05-30,,5641.31
2020-05-31,,7165.55
2020-06-01,,7177.82
2020-06-02,,9159.29
2020-06-03,,8771.87
2020-06-04,,7186.66
2020-06-05,,7244.07
2020-06-06,,9295.61
2020-06-07,,12098.09
2020-06-08,,13498.31
2020-06-09,,16493.57
2020-06-10,,15379.79
2020-06-11,,16605.43
2020-06-12,,13572.29
2020-06-13,,12449.63
2020-06-14,,9397.35
2020-06-15,,20638.28
2020-06-16,,18187.11
2020-06-17,,18095.03
2020-06-18,,30620.87
2020-06-19,,36228.54
2020-06-20,,29408.84
2020-06-21,,48218.88
2020-06-22,,54827.87
2020-06-23,,49041.37
2020-06-24,,55658.86
2020-06-25,,59010.15
2020-06-26,,51751.60
2020-06-27,,50694.13
2020-06-28,,37363.04
2020-06-29,,41304.90
2020-06-30,,40403.00
2020-07-01,,51457.41
2020-07-02,,58040.89
2020-07-03,,58309.62
2020-07-04,,46272.31
2020-07-05,,41373.38
2020-07-06,,49416.26
2020-07-07,,44785.13
2020-07-08,,58680.06
2020-07-09,,63234.68
2020-07-10,,59403.23
2020-07-11,,62206.40
2020-07-12,,82596.65
2020-07-13,,124931.95
2020-07-14,,79720.73
2020-07-15,,87381.19
2020-07-16,,82379.19
2020-07-17,,128694.27
2020-07-18,,136462.28
2020-07-19,,147351.23
2020-07-20,,162436.47
2020-07-21,,166601.71
2020-07-22,,188173.31
2020-07-23,,219662.19
2020-07-24,,226816.81
2020-07-25,,317897.53
2020-07-26,,324005.15
2020-07-27,,408415.75
2020-07-28,,277574.44
2020-07-29,,302541.89
2020-07-30,,360680.52
2020-07-31,,365569.51
2020-08-01,,328738.94
2020-08-02,,265244.93
2020-08-03,,273913.21
2020-08-04,,261868.54
2020-08-05,,252372.52
2020-08-06,,260603.97
2020-08-07,,393350.42
2020-08-08,,408773.06
2020-08-09,,474715.81
2020-08-10,,706707.06
2020-08-11,,526565.69
2020-08-12,,767879.25
2020-08-13,,708921.91
2020-08-14,,621707.94
2020-08-15,,509665.79
2020-08-16,,555561.88
2020-08-17,,567199.57
2020-08-18,,736420.00
2020-08-19,,656238.42
2020-08-20,,698270.33
2020-08-21,,725795.42
2020-08-22,,521596.06
2020-08-23,,491867.26
2020-08-24,,605463.62
2020-08-25,,579303.55
2020-08-26,,626096.06
2020-08-27,,506672.85
2020-08-28,,716898.29
2020-08-29,,990595.77
2020-08-30,,1662200.09
2020-08-31,,1871363.95
2020-09-01,,2909829.99
2020-09-02,,2581404.66
2020-09-03,,2200526.92
2020-09-04,,1780856.36
2020-09-05,,2318459.98
2020-09-06,,2004686.11
2020-09-07,,1426254.81
2020-09-08,,1208732.62
2020-09-09,,1388950.41
2020-09-10,,1302154.84
2020-09-11,,1000495.56
2020-09-12,,1027901.45
2020-09-13,,1243073.19
2020-09-14,,1452238.83
2020-09-15,,1233986.07
2020-09-16,,1175280.68
2020-09-17,3443832391.41,1826596.98
2020-09-18,3443832391.41,1945271.74
2020-09-19,7097694014.20,1534088.72
2020-09-20,5702060553.83,1235996.64
2020-09-21,5256579382.52,1445560.84
2020-09-22,4294819485.82,1092865.89
2020-09-23,3908448811.54,1099341.23
2020-09-24,4342896875.45,938500.55
2020-09-25,5138560549.02,850540.19
2020-09-26,4908146351.13,792184.07
2020-09-27,4868443821.20,985947.97
2020-09-28,4844985391.31,916869.25
2020-09-29,4251913706.45,1021565.91
2020-09-30,4341487120.67,895464.03
2020-10-01,4153261217.52,1144078.19
2020-10-02,4243965217.95,1425417.29
2020-10-03,3900844835.70,913598.62
2020-10-04,3894488446.87,1050427.39
2020-10-05,3721207730.25,900651.97
2020-10-06,3321523589.62,1278714.71
2020-10-07,2692316035.36,1064742.07
2020-10-08,2963310645.72,1060595.10
2020-10-09,3308742648.43,921019.89
2020-10-10,3406370228.47,818900.16
2020-10-11,3298512186.27,684523.46
2020-10-12,3374035991.24,863698.84
2020-10-13,3449721633.62,654060.17
2020-10-14,3349952700.59,697692.43
2020-10-15,3122753139.29,719399.22
2020-10-16,3077523569.52,633544.56
2020-10-17,3035579228.53,488867.55
2020-10-18,3072774172.46,509633.36
2020-10-19,3266032560.29,586716.22
2020-10-20,3170928183.25,674552.96
2020-10-21,2853285480.64,920503.06
2020-10-22,2931042631.38,788074.89
2020-10-23,3030530336.55,692998.60
2020-10-24,3008704208.37,460379.21
2020-10-25,2941282437.46,515770.07
2020-10-26,2772325304.87,1172897.27
2020-10-27,2710675936.05,663553.50
2020-10-28,2817177652.53,1216366.02
2020-10-29,2670454129.02,1005194.75
2020-10-30,2537363184.85,1063307.25
2020-10-31,2409993545.87,690333.52
2020-11-01,2261015576.65,566809.52
2020-11-02,2373798479.36,674209.19
2020-11-03,2251773695.54,693106.08
2020-11-04,2137337380.13,738315.94
2020-11-05,1928176582.22,934950.21
2020-11-06,2206903889.96,1116188.93
2020-11-07,2548690166.35,1235495.37
2020-11-08,2481258831.06,657734.77
2020-11-09,2876834451.88,800786.16
2020-11-10,2672774632.89,769940.69
2020-11-11,3049914780.20,761750.68
2020-11-12,2937599986.76,740130.32
2020-11-13,2962134317.11,818264.01
2020-11-14,3887205642.40,881865.93
2020-11-15,3811713208.35,737143.02
2020-11-16,3866460649.78,915795.35
2020-11-17,3577758751.53,1275958.51
2020-11-18,3828887676.71,980156.42
2020-11-19,3464279444.08,851690.05
2020-11-20,3729226708.32,1001759.55
2020-11-21,3841956262.29,1231638.91
2020-11-22,3822497996.25,1361280.82
2020-11-23,3682139733.10,1238372.87
2020-11-24,4160502959.40,1347090.63
2020-11-25,4053213193.04,978556.79
2020-11-26,3675659184.82,2056962.60
2020-11-27,3425366372.06,759322.68
2020-11-28,3320959567.22,619956.94
2020-11-29,3462034852.55,629492.47
2020-11-30,3542126807.87,1059924.13
2020-12-01,3753490456.50,1098971.43
2020-12-02,3561032872.41,888063.43
2020-12-03,3971723536.99,1030260.97
2020-12-04,3882325903.26,987461.81
2020-12-05,3534025765.33,860851.53
2020-12-06,3683339555.72,1191837.43
2020-12-07,3638493355.66,996873.86
2020-12-08,3760556589.40,1217385.97
2020-12-09,3291382071.28,1182895.56
2020-12-10,3361203998.55,999638.54
2020-12-11,3242646200.80,918727.30
2020-12-12,2969937981.63,777884.12
2020-12-13,3118612137.91,770528.30
2020-12-14,3330154879.11,859767.95
2020-12-15,3493033578.15,967177.28
2020-12-16,3333949272.78,1041018.12
2020-12-17,3525317976.58,1652380.64
2020-12-18,3689865086.60,1064384.02
2020-12-19,3770222155.31,1114807.01
2020-12-20,3963091075.94,1090068.90
2020-12-21,3764153267.13,1326891.07
2020-12-22,3528268791.10,1269704.15
2020-12-23,3753702102.17,1286079.44
2020-12-24,3319324985.61,1203645.73
2020-12-25,3512335266.78,1066053.49
2020-12-26,3501560970.65,1014494.94
2020-12-27,3416389638.49,1561493.35
2020-12-28,3600298204.31,1412936.51
2020-12-29,3735391663.17,1729720.22
2020-12-30,3673955200.84,1661940.24
2020-12-31,4148643644.47,1588788.27
2021-01-01,5171078271.99,1451401.04
2021-01-02,4744909770.96,1656588.86
2021-01-03,4863888594.50,2399605.32
2021-01-04,5414757447.88,3007546.94
2021-01-05,5268842432.40,2330655.77
2021-01-06,6330039540.02,2307436.56
2021-01-07,6406673145.97,2187096.92
2021-01-08,6280021032.60,2470367.57
2021-01-09,5903025778.29,2363330.31
2021-01-10,6262801429.86,2330026.18
2021-01-11,6018278998.23,3911998.81
2021-01-12,5236977252.37,2047778.17
2021-01-13,5559993812.41,1805594.69
2021-01-14,6334450385.88,1985575.26
2021-01-15,6829704203.29,2253656.06
2021-01-16,7368167682.94,2190673.44
2021-01-17,8424171550.25,2077121.66
2021-01-18,8671467056.81,2164898.91
2021-01-19,9188609040.59,3019641.91
2021-01-20,8621007459.03,2520606.38
2021-01-21,9032074483.78,2620244.88
2021-01-22,7637283628.61,2747506.29
2021-01-23,8711255875.57,2160785.08
2021-01-24,9298225615.77,2515708.53
2021-01-25,12008801004.56,2763098.91
2021-01-26,11396887817.55,2572633.04
2021-01-27,13796717917.36,2595153.28
2021-01-28,14826944209.19,2305114.44
2021-01-29,14161866549.89,3248311.76
2021-01-30,15645275352.35,2438109.87
2021-01-31,19390026684.59,2370136.21
2021-02-01,17638787124.82,2682455.42
2021-02-02,20358868956.87,3015184.39
2021-02-03,19072254090.51,2934841.71
2021-02-04,19826955201.43,3431821.06
2021-02-05,20046299963.87,3549146.37
2021-02-06,21241968053.99,3009861.07
2021-02-07,19323168844.35,2936319.57
2021-02-08,18582838493.44,3284570.74
2021-02-09,19358305970.96,3278079.32
2021-02-10,19513946965.90,3191482.25
2021-02-11,20606184816.55,2838664.80
2021-02-12,21473246483.52,3197693.74
2021-02-13,22702255672.59,3237594.59
2021-02-14,21772030093.74,2980062.93
2021-02-15,20951094824.04,3518818.49
2021-02-16,19986754437.79,2898447.54
2021-02-17,20433062816.52,3346226.88
2021-02-18,21469772380.16,3380943.38
2021-02-19,21197035107.01,3183887.87
2021-02-20,20165735578.32,3680371.89
2021-02-21,28950034318.07,2998416.32
2021-02-22,28996420722.86,4576284.81
2021-02-23,27764318629.35,5433728.96
2021-02-24,24681555386.44,3507063.14
2021-02-25,25369173807.35,2825074.76
2021-02-26,23253500070.93,3018849.92
2021-02-27,23134226150.29,2166688.99
2021-02-28,23618194960.23,3010153.73
2021-03-01,22159001101.08,2550582.41
2021-03-02,25592698771.02,2464717.64
2021-03-03,25673867851.55,2541323.02
2021-03-04,25486634117.74,2425702.72
2021-03-05,28368215226.62,2852326.43
2021-03-06,28308458961.06,2298156.62
2021-03-07,28445598876.36,3125596.56
2021-03-08,34621393833.04,3350195.89
2021-03-09,33476404308.49,3389264.58
2021-03-10,32891086415.94,2824463.72
2021-03-11,30935873695.47,3027976.42
2021-03-12,31033955819.08,3246158.42
2021-03-13,31040216630.66,3217162.89
2021-03-14,32441688716.02,3109609.03
2021-03-15,31037886683.76,3332369.17
2021-03-16,29673658313.05,3086819.20
2021-03-17,29875137275.19,2955666.88
2021-03-18,31569448567.57,2647246.03
2021-03-19,30146638520.37,3118171.88
2021-03-20,33219785835.19,2745895.54
2021-03-21,32176987446.04,2600789.97
2021-03-22,32930355544.10,3606068.41
2021-03-23,32995233980.21,3268402.22
2021-03-24,31092701843.07,3477627.29
2021-03-25,27525930516.96,3129716.56
2021-03-26,26535513157.79,2907112.23
2021-03-27,28979682401.45,2722627.59
2021-03-28,28247568576.61,2588058.81
2021-03-29,27844293459.05,3260944.15
2021-03-30,29041643422.66,3235439.44
2021-03-31,28545148446.72,3852966.41
2021-04-01,28040616383.23,3794720.28
2021-04-02,28709079158.06,3784508.58
2021-04-03,30075659430.93,4673189.43
2021-04-04,29507122950.27,3182868.49
2021-04-05,31015917445.56,3663162.62
2021-04-06,30738906424.19,3768867.03
2021-04-07,31353608762.43,4255784.21
2021-04-08,28616200276.21,3431566.08
2021-04-09,30201264605.45,2917618.67
2021-04-10,29526547822.83,3063048.73
2021-04-11,29760904501.95,2739937.88
2021-04-12,29912719450.32,3187817.54
2021-04-13,36735779630.39,3422116.65
2021-04-14,35502020128.41,3980282.21
2021-04-15,36073858891.60,3571141.64
2021-04-16,37860890869.63,4045264.06
2021-04-17,36237216958.11,3620004.49
2021-04-18,34767548851.44,4891229.91
2021-04-19,31781750820.76,3884092.71
2021-04-20,31345466854.04,4955603.23
2021-04-21,31968636497.78,3867666.54
2021-04-22,33482707017.82,5152599.63
2021-04-23,34523784623.66,5128117.27
2021-04-24,32938608193.05,2647991.15
2021-04-25,30042065197.44,2657582.37
2021-04-26,33740887672.12,3626134.48
2021-04-27,37944157184.30,3534315.64
2021-04-28,39394526224.13,3606867.71
2021-04-29,42770869296.97,3236994.03
2021-04-30,41284108915.05,3352884.70
2021-05-01,40575405423.34,3558613.37
2021-05-02,40085843260.17,4707599.03
2021-05-03,42417421270.92,5367998.59
2021-05-04,42322693386.42,5707883.20
2021-05-05,42884096622.73,4593005.27
2021-05-06,42479668453.88,3825824.47
2021-05-07,40198406510.10,4230040.03
2021-05-08,39771716459.58,10936768.46
2021-05-09,40423709811.87,7596411.74
2021-05-10,39475406704.56,10927418.84
2021-05-11,36454616478.10,7416360.91
2021-05-12,38555430916.03,8988779.25
2021-05-13,37409451464.00,10305875.19
2021-05-14,37519360389.36,6601107.40
2021-05-15,40225442595.08,6005927.67
2021-05-16,36559766133.19,7736664.52
2021-05-17,36434597982.40,8550713.84
2021-05-18,33182961094.93,6551736.70
2021-05-19,35231647792.06,15769428.21
2021-05-20,23625986818.90,10591337.48
2021-05-21,26309032525.69,9082491.16
2021-05-22,21781769473.06,6086823.62
2021-05-23,20460067083.64,10815311.50
2021-05-24,16913349979.69,8627028.10
2021-05-25,24579134515.94,7462504.20
2021-05-26,25129927338.61,7694098.05
2021-05-27,29256707236.85,5177207.12
2021-05-28,28615899227.63,6170208.51
2021-05-29,25932450370.78,5511326.53
2021-05-30,23187976555.92,4494256.36
2021-05-31,25722217603.67,4741347.16
2021-06-01,28278773730.11,3993907.28
2021-06-02,27379673311.85,3524297.88
2021-06-03,27733691070.03,3841806.76
2021-06-04,28754246081.09,5123582.07
2021-06-05,26500007502.54,3332953.18
2021-06-06,25624259358.28,2079196.90
2021-06-07,25849304501.32,3410968.85
2021-06-08,23998196888.66,5209662.23
2021-06-09,23506062194.07,4653169.64
2021-06-10,25172290372.94,3485643.34
2021-06-11,23562079975.61,3403139.93
2021-06-12,21838306026.42,3025979.06
2021-06-13,21378808119.33,2845719.02
2021-06-14,23388039703.83,2923332.79
2021-06-15,24264196404.90,2882820.19
2021-06-16,23577694536.94,2756849.44
2021-06-17,21751091842.20,2832973.31
2021-06-18,22223971383.06,3003256.02
2021-06-19,20373643563.72,2138133.77
2021-06-20,19890780818.85,2717124.23
2021-06-21,20816261009.06,5081868.28
2021-06-22,15970704786.66,4868350.18
2021-06-23,16370259750.85,3033606.84
2021-06-24,17829456504.10,2294764.36
2021-06-25,18066715124.20,2838321.39
2021-06-26,16172249519.32,2527806.08
2021-06-27,16008507036.06,2396118.48
2021-06-28,17055504884.67,2932052.80
2021-06-29,17748392141.62,2597748.77
2021-06-30,18617033293.94,2830086.49
2021-07-01,19267205165.91,2412905.59
2021-07-02,17966794646.80,1945820.65
2021-07-03,18232300860.72,1929090.65
2021-07-04,19416526709.79,2102908.17
2021-07-05,20872129596.32,2292352.73
2021-07-06,20227553652.75,2951164.30
2021-07-07,22344521488.44,2146140.23
2021-07-08,22410617142.86,2508598.20
2021-07-09,20429657254.05,2086864.25
2021-07-10,21093212814.03,2049011.53
2021-07-11,20344892225.54,1404008.56
2021-07-12,20670512408.91,1620911.62
2021-07-13,19650443237.70,2549406.32
2021-07-14,18395776782.87,3062721.51
2021-07-15,17907828449.05,2952440.93
2021-07-16,16971667330.12,2212395.61
2021-07-17,16379294474.13,1886203.02
2021-07-18,16118714317.23,1859428.71
2021-07-19,16452703367.49,1697138.51
2021-07-20,15759299836.87,2321164.87
2021-07-21,14636733740.67,2640809.46
2021-07-22,16768448517.66,2061038.01
2021-07-23,17599181819.83,2008662.94
2021-07-24,18617164835.11,2069191.88
2021-07-25,18283330956.97,1806222.77
2021-07-26,18383557953.90,4379817.98
2021-07-27,18578704201.03,2810905.85
2021-07-28,18731983667.54,2848595.74
2021-07-29,19078035007.38,2452349.68
2021-07-30,19546490989.60,2968662.19
2021-07-31,21000309981.64,2148429.94
2021-08-01,21907006692.72,2751013.99
2021-08-02,22050857431.87,2629965.34
2021-08-03,22468917766.29,2998139.04
2021-08-04,21413768153.40,3320234.86
2021-08-05,23546564925.20,3796873.52
2021-08-06,25364984329.63,3140777.91
2021-08-07,26214585749.63,4349068.44
2021-08-08,28306650164.73,3447115.28
2021-08-09,26653119520.61,4960645.65
2021-08-10,28422732962.18,3505675.20
2021-08-11,28868715507.56,3456233.50
2021-08-12,29031721500.93,3567646.80
2021-08-13,28028754374.63,2945124.10
2021-08-14,30520040186.61,2489855.40
2021-08-15,30131904065.46,2714843.57
2021-08-16,30229737157.09,3285158.28
2021-08-17,29218431294.98,4411116.86
2021-08-18,26350329366.69,4353473.72
2021-08-19,26630549471.23,3531085.52
2021-08-20,27643619146.58,3394639.69
2021-08-21,28738833900.68,2566729.96
2021-08-22,28291433894.16,3526617.05
2021-08-23,28426939859.19,3678237.73
2021-08-24,28757286673.52,4126380.49
2021-08-25,26771790653.68,3637840.38
2021-08-26,27077363423.42,3562736.89
2021-08-27,25862155444.26,2879283.81
2021-08-28,27321717596.13,2119667.63
2021-08-29,26837906981.64,2906419.81
2021-08-30,26807944322.69,3586850.85
2021-08-31,26885263942.46,4258706.58
2021-09-01,29584571334.51,4455707.78
2021-09-02,31046203646.62,4064668.55
2021-09-03,30040142481.54,5890626.54
2021-09-04,28623355682.51,4317720.66
2021-09-05,28665792728.00,4207806.57
2021-09-06,29311467400.79,4716783.72
2021-09-07,28985768141.87,7416062.78
2021-09-08,24386391844.78,6341670.17
2021-09-09,23228614413.09,4320791.09
2021-09-10,23323362750.31,4499308.41
2021-09-11,22239953599.43,3290152.10
2021-09-12,22700283175.07,2979872.81
2021-09-13,23768691877.16,3909494.37
2021-09-14,22771388719.46,3151338.69
2021-09-15,25720757464.69,3453322.97
2021-09-16,27336005128.35,4029779.23
2021-09-17,26308136967.06,3312735.64
2021-09-18,24259108602.57,2552630.73
2021-09-19,24472819261.66,2552186.25
2021-09-20,23909665178.87,5561790.12
2021-09-21,20804334039.49,4827227.81
2021-09-22,18890292091.54,3559715.70
2021-09-23,21503103783.53,2821816.68
2021-09-24,21550892752.15,3973478.97
2021-09-25,19616187824.07,2644177.25
2021-09-26,19573066124.80,4188488.97
2021-09-27,23891039271.42,3008291.44
2021-09-28,22401602671.18,2980947.46
2021-09-29,22927696372.60,2691313.40
2021-09-30,23027737869.62,2776128.59
2021-10-01,23444191741.62,3244338.75
2021-10-02,25649286449.47,2744478.73
2021-10-03,26179755695.96,2626366.30
2021-10-04,26044679641.46,3436737.75
2021-10-05,25301982708.01,3564965.78
2021-10-06,25681384344.37,4086895.85
2021-10-07,25320647294.59,4889435.52
2021-10-08,25589763342.89,3571802.26
2021-10-09,24716686263.22,2900293.16
2021-10-10,25188946781.58,3146477.73
2021-10-11,24259587419.78,4233222.68
2021-10-12,24173775112.37,3873486.17
2021-10-13,23397446848.43,3634626.25
2021-10-14,24659355079.34,3821738.12
2021-10-15,26287032072.81,5220520.58
2021-10-16,25959057583.40,3352217.65
2021-10-17,27115156511.01,3476370.22
2021-10-18,25956708048.55,3508850.15
2021-10-19,25451839093.27,3666117.12
2021-10-20,26055926937.92,4267828.82
2021-10-21,27061804141.76,5600840.44
2021-10-22,26136095297.18,3993669.25
2021-10-23,25737745960.79,3240875.64
2021-10-24,26895967517.65,3527445.24
2021-10-25,25902067523.26,3413135.92
2021-10-26,26750025601.21,5014302.91
2021-10-27,26575601309.34,7046732.70
2021-10-28,24273949836.57,6835465.93
2021-10-29,24931492886.05,5558575.41
2021-10-30,25386267520.04,5489521.31
2021-10-31,24869266691.44,4939654.08
2021-11-01,25011298870.41,4522084.50
2021-11-02,25684430663.50,5779632.43
2021-11-03,26186411835.53,5857165.05
2021-11-04,26820991603.72,5690686.50
2021-11-05,25848940310.61,4856842.13
2021-11-06,25668734668.70,4270669.35
2021-11-07,25174340117.67,4244690.69
2021-11-08,25417209638.02,5302183.87
2021-11-09,26264021602.67,6979154.09
2021-11-10,26394726357.21,8504485.14
2021-11-11,25353588115.62,6543172.38
2021-11-12,25499125965.43,6018427.43
2021-11-13,24671032418.29,4148122.99
2021-11-14,24754864235.93,4062122.60
2021-11-15,24670772800.23,5364102.96
2021-11-16,24087916667.44,6915355.19
2021-11-17,21806468653.82,5410968.83
2021-11-18,21969649131.52,6254268.44
2021-11-19,20051585838.06,5142653.17
2021-11-20,21304314237.86,4771864.90
2021-11-21,22084774165.19,4735647.10
2021-11-22,21891278757.62,5428218.88
2021-11-23,21009992507.37,5862313.37
2021-11-24,22216868947.78,6426164.40
2021-11-25,20803458368.59,6982738.97
2021-11-26,21358945729.46,8375898.55
2021-11-27,19235845344.06,5895933.06
2021-11-28,19391606140.94,5927098.19
2021-11-29,20153853948.59,5307562.78
2021-11-30,20299004411.01,7149286.05
2021-12-01,21136698466.07,6178622.49
2021-12-02,21000235442.86,6183945.87
2021-12-03,22410591780.86,6304205.68
2021-12-04,20000891287.03,10492590.23
2021-12-05,17158542762.27,5753833.36
2021-12-06,16502373313.76,7731468.87
2021-12-07,17364940758.88,4725875.59
2021-12-08,17182460282.36,4816635.70
2021-12-09,18617777852.63,5590139.68
2021-12-10,16291635977.77,6053446.68
2021-12-11,15210490699.98,4683181.98
2021-12-12,15869687234.76,3081319.41
2021-12-13,15995855683.68,5068453.74
2021-12-14,14168878818.14,4023653.19
2021-12-15,14975146635.90,5587385.70
2021-12-16,15208929189.15,4014405.85
2021-12-17,14418605204.41,4637611.58
2021-12-18,14995422443.04,3644802.33
2021-12-19,15603502979.46,3552046.87
2021-12-20,14959625340.69,4249671.18
2021-12-21,14530517192.16,3770214.53
2021-12-22,15092040775.45,3532711.80
2021-12-23,16217342471.77,4716254.96
2021-12-24,18192447300.69,3413133.08
2021-12-25,17505148846.22,5540235.66
2021-12-26,17537060100.94,3309221.19
2021-12-27,18676675766.97,3468183.78
2021-12-28,19119611915.93,4763239.91
2021-12-29,18466954809.68,3791087.71
2021-12-30,17139968666.55,3694265.48
2021-12-31,17788046793.47,3917966.31
2022-01-01,17058301846.51,3026858.09
2022-01-02,17501847838.54,3044196.26
2022-01-03,18348436916.56,3709828.81
2022-01-04,18438001548.95,4019118.41
2022-01-05,18349473870.12,5866314.79
2022-01-06,17262822629.22,5320545.90
2022-01-07,17112550442.13,6061705.84
2022-01-08,15790271762.98,4085350.35
2022-01-09,14927288377.92,2768017.08
2022-01-10,15823337635.50,6405682.93
2022-01-11,15153966304.36,4734085.41
2022-01-12,15977795680.78,5006360.76
2022-01-13,16290485912.01,4384997.34
2022-01-14,15526120164.92,3723359.87
2022-01-15,15899407006.03,2741326.39
2022-01-16,16519261897.96,3213175.67
2022-01-17,17817398456.99,4112092.59
2022-01-18,16678246589.32,4040248.33
2022-01-19,16027541753.93,3920862.24
2022-01-20,15227559180.26,4103064.96
2022-01-21,14506779564.06,8207771.32
2022-01-22,12686008497.17,6733231.81
2022-01-23,11136930996.81,3419357.33
2022-01-24,11457878837.54,5878380.67
2022-01-25,10706164212.69,3319524.15
2022-01-26,10601695223.91,4406468.01
2022-01-27,10586966442.09,3630598.89
2022-01-28,10354887538.49,3233121.61
2022-01-29,10648186533.41,2314484.30
2022-01-30,11160835080.69,2096512.13
2022-01-31,10812983496.15,2613993.38
2022-02-01,11821568758.11,2870355.60
2022-02-02,11131706866.52,2864596.83
2022-02-03,10527186084.56,2602511.85
2022-02-04,10375852116.41,3127499.47
2022-02-05,11162719374.46,2525059.46
2022-02-06,11273297124.35,2403731.90
2022-02-07,11672352622.95,3332272.68
2022-02-08,12420315055.80,3286819.65
2022-02-09,11975032782.53,3165149.72
2022-02-10,12341530975.17,3749849.59
2022-02-11,11466955084.83,3722720.50
2022-02-12,10639600061.77,2510079.13
2022-02-13,10631060675.23,1796109.67
2022-02-14,10401676870.27,2300450.57
2022-02-15,10633201833.38,2928124.62
2022-02-16,11457872478.77,3156425.85
2022-02-17,11275430657.19,3466690.70
2022-02-18,10384682910.36,3017143.25
2022-02-19,10188848988.45,2005099.94
2022-02-20,10042087530.77,2825652.66
2022-02-21,9372992760.25,3461154.64
2022-02-22,8575630302.44,3047256.81
2022-02-23,8885495196.59,2204425.41
2022-02-24,8796991216.52,5640101.16
2022-02-25,8826630645.07,3078409.89
2022-02-26,9253796653.29,1911744.09
2022-02-27,9012953852.57,2727861.02
2022-02-28,9831894657.90,2977394.37
2022-03-01,10525030747.66,3286834.36
2022-03-02,10342881712.21,3110436.56
2022-03-03,10043152390.51,2113266.50
2022-03-04,9553477532.55,2631335.87
2022-03-05,8795329082.90,1475597.36
2022-03-06,9027803425.76,1730314.19
2022-03-07,8480805436.03,2529004.08
2022-03-08,8331288430.35,2386345.37
2022-03-09,8831294622.96,2391529.55
2022-03-10,9199759013.29,2145372.43
2022-03-11,8678539792.24,2116655.62
2022-03-12,8547459478.63,1116935.05
2022-03-13,8491282470.76,1463210.81
2022-03-14,8189723818.09,1828740.38
2022-03-15,8479568026.78,1972917.70
2022-03-16,8704165867.03,3027883.35
2022-03-17,9094631529.60,5322307.52
2022-03-18,9229875962.92,6315883.16
2022-03-19,9648556773.08,2620875.75
2022-03-20,9701114346.80,2288680.01
2022-03-21,9321216118.99,2357329.37
2022-03-22,9340437810.22,2751247.36
2022-03-23,9754439051.13,2512657.31
2022-03-24,9959023245.12,3267280.77
2022-03-25,10756056740.79,2914403.47
2022-03-26,10595948671.32,1742216.72
2022-03-27,10590299176.67,2511546.38
2022-03-28,11369125511.85,4036280.06
2022-03-29,10905331187.80,3765316.75
2022-03-30,11235609339.08,3171698.90
2022-03-31,11723972479.63,3279380.87
2022-04-01,11273916790.34,3824612.63
2022-04-02,11561870189.21,3564799.26
2022-04-03,11641440983.47,2834814.27
2022-04-04,11840640165.82,3308905.00
2022-04-05,11514511858.62,2794977.97
2022-04-06,11121389726.90,4096601.41
2022-04-07,9958215435.00,3031531.22
2022-04-08,10508794620.71,3151694.58
2022-04-09,9700015782.02,1913088.66
2022-04-10,10061683612.23,1821142.91
2022-04-11,9899916003.38,3809558.31
2022-04-12,8973346927.74,2947800.10
2022-04-13,9338132942.48,3030336.09
2022-04-14,9669931169.85,2379154.04
2022-04-15,9480959756.07,1743050.62
2022-04-16,9782725248.15,1186227.31
2022-04-17,9681017668.75,2215251.69
2022-04-18,9248984012.53,2682255.32
2022-04-19,9408531797.89,2437108.38
2022-04-20,9542325418.55,3344289.17
2022-04-21,9315655273.49,2902122.93
2022-04-22,8854250696.57,2260302.80
2022-04-23,8914595923.84,1663014.91
2022-04-24,8927560220.47,1465504.54
2022-04-25,8708833045.88,3007410.80
2022-04-26,8748473414.45,2563887.75
2022-04-27,7989289101.13,2196445.68
2022-04-28,8208366291.13,3486959.63
2022-04-29,8159683772.88,3714771.33
2022-04-30,7631518579.43,3862092.86
2022-05-01,6797648835.25,2978197.62
2022-05-02,7128141302.79,2512981.57
2022-05-03,6943098533.20,1934079.05
2022-05-04,6859513750.84,2787656.84
2022-05-05,7967551131.29,2859727.24
2022-05-06,7333328468.50,3230231.98
2022-05-07,7629119192.99,1753671.87
2022-05-08,7192052219.08,2560030.48
2022-05-09,7103723824.78,4902263.62
2022-05-10,6028475447.23,4941237.57
2022-05-11,6065574442.69,8316172.09
2022-05-12,4865179130.27,8827278.51
2022-05-13,4682426161.65,3906044.83
2022-05-14,5081028180.47,2377052.87
2022-05-15,5196500559.59,1928535.36
2022-05-16,5448514899.15,2828324.53
2022-05-17,5044071874.02,1976581.28
2022-05-18,5488522943.51,1988404.65
2022-05-19,4889554713.30,2428922.33
2022-05-20,5196582889.90,1694276.23
2022-05-21,5113347897.73,894554.45
2022-05-22,5254547562.15,1266319.72
2022-05-23,5512927698.14,1866443.47
2022-05-24,5624137432.67,1510711.76
2022-05-25,5597277751.41,1475457.80
2022-05-26,5617416101.48,2946718.71
2022-05-27,4975035292.93,2280820.88
2022-05-28,4674746833.24,1315593.64
2022-05-29,4994720792.96,810902.22
2022-05-30,4947217052.64,2102835.84
2022-05-31,5646552310.21,1982940.54
2022-06-01,5698207198.06,2350415.59
2022-06-02,5163742402.20,1725346.17
2022-06-03,5314722540.02,1394767.72
2022-06-04,5072534909.34,1011858.64
2022-06-05,5130145770.74,892735.43
2022-06-06,5095311658.44,1398671.76
2022-06-07,5374565248.33,2187729.91
2022-06-08,5258954948.63,1605305.42
2022-06-09,5077872757.59,1049688.86
2022-06-10,5201505099.55,1827297.30
2022-06-11,4814774973.25,2057578.06
2022-06-12,4366809131.47,2202009.79
2022-06-13,4117554746.33,5450703.45
2022-06-14,3605528852.43,4113922.13
2022-06-15,3901940054.29,4977947.35
2022-06-16,4391507473.82,2336409.75
2022-06-17,3833223300.62,1970735.58
2022-06-18,3949137577.24,2971525.67
2022-06-19,3650215234.80,2794223.35
2022-06-20,4174484368.01,2463814.74
2022-06-21,4312163531.25,1926708.72
2022-06-22,4749206648.19,1654412.98
2022-06-23,5017461831.44,1676155.01
2022-06-24,5630104483.60,1662828.81
2022-06-25,5508927136.14,1149983.33
2022-06-26,5629471741.88,1165380.00
2022-06-27,5607490144.84,960027.66
2022-06-28,5338196410.73,1330548.19
2022-06-29,4907910357.38,1480645.28
2022-06-30,5091088447.42,1740910.31
2022-07-01,4918530168.11,1743750.42
2022-07-02,4867836453.19,793882.15
2022-07-03,4919960847.58,858009.94
2022-07-04,4920433296.83,1277058.81
2022-07-05,5273515888.10,1511825.33
2022-07-06,5311673527.89,1629372.88
2022-07-07,5356435551.14,1216192.33
2022-07-08,5751989757.79,1599820.62
2022-07-09,5853430160.37,780409.47
2022-07-10,6473935896.04,898764.91
2022-07-11,6255603208.25,1127568.67
2022-07-12,5571983773.14,1045701.35
2022-07-13,5563105033.00,1712883.60
2022-07-14,6119881081.52,1522634.52
2022-07-15,6991544177.89,1726912.22
2022-07-16,6797084793.15,1863051.96
2022-07-17,7365305150.84,1671515.02
2022-07-18,6983129332.54,2606482.15
2022-07-19,7327318978.46,2646530.75
2022-07-20,7334480007.36,2267787.70
2022-07-21,6892589113.58,1797040.17
2022-07-22,7208311024.88,1454764.80
2022-07-23,6902376937.07,1373333.11
2022-07-24,6994807073.31,1424545.40
2022-07-25,7225943171.67,1730988.51
2022-07-26,7133954866.92,1623041.23
2022-07-27,6629252238.66,2175948.10
2022-07-28,8038194232.88,2738919.26
2022-07-29,9256365790.12,2331908.98
2022-07-30,8991849966.82,1585139.90
2022-07-31,8765900906.41,1408340.42
2022-08-01,8412465353.82,1757058.29
2022-08-02,8377634718.18,2169026.62
2022-08-03,8350359333.45,1512492.24
2022-08-04,8985543555.18,1434323.86
2022-08-05,8863029602.35,1807978.43
2022-08-06,8919415214.13,952136.02
2022-08-07,8790799894.68,845996.16
2022-08-08,8791039114.45,1660520.35
2022-08-09,8797866248.93,1496508.20
2022-08-10,8465852753.15,2266454.77
2022-08-11,9200482237.79,1984262.92
2022-08-12,8953902223.55,1305939.02
2022-08-13,9231492767.10,1352807.47
2022-08-14,8992172963.56,1457162.20
2022-08-15,8868024019.96,1972387.07
2022-08-16,8487596374.01,1471448.87
2022-08-17,8358089343.61,1874460.43
2022-08-18,7951894537.33,1161719.95
2022-08-19,7614274031.55,2414313.76
2022-08-20,6911861541.76,1609354.72
2022-08-21,7018483200.63,1570122.61
2022-08-22,7238980058.59,1694246.75
2022-08-23,6979020005.53,1866333.32
2022-08-24,7131990486.21,1328486.74
2022-08-25,7046408836.62,1317189.10
2022-08-26,7033699817.40,2170682.97
2022-08-27,6133331977.15,1343233.25
2022-08-28,6073437821.54,1132199.49
2022-08-29,5764991997.56,1530233.71
2022-08-30,6350542520.53,1926340.17
2022-08-31,6163301475.22,1999261.55
2022-09-01,6125115168.85,1622282.99
2022-09-02,6332898275.40,1856764.76
2022-09-03,6382357381.68,895699.92
2022-09-04,6296323117.85,846984.51
2022-09-05,6465545230.15,1185550.45
2022-09-06,6580184683.53,1890940.62
2022-09-07,5848429846.65,1870942.23
2022-09-08,6128322519.63,1524627.49
2022-09-09,6172504175.09,1656577.48
2022-09-10,6498559738.46,1111614.84
2022-09-11,6670928651.69,1062637.00
2022-09-12,6485539387.98,1461710.07
2022-09-13,6640459100.46,2292937.43
2022-09-14,6042731255.90,1500236.80
2022-09-15,6203048258.01,2057220.90
2022-09-16,5875800521.11,1246155.09
2022-09-17,5809428027.60,794027.86
2022-09-18,6030038463.66,1123968.65
2022-09-19,5468623026.06,1544731.98
2022-09-20,5483130973.87,1225871.94
2022-09-21,5296145552.49,1873760.97
2022-09-22,5366569737.32,1452460.63
2022-09-23,5750867462.82,1582714.83
2022-09-24,5921914736.54,815629.65
2022-09-25,5797004572.01,780250.46
2022-09-26,5665178060.40,1135170.12
2022-09-27,5912863374.64,1438429.25
2022-09-28,6392926808.49,1705779.56
2022-09-29,6571668275.78,1292261.54
2022-09-30,6366893069.45,1559286.44
2022-10-01,6449789651.32,601938.48
2022-10-02,6399746772.55,803069.91
2022-10-03,6253461921.70,999084.36
2022-10-04,6640976047.58,1114127.10
2022-10-05,6654146001.15,1529426.13
2022-10-06,6795147586.41,1233644.81
2022-10-07,6864872449.73,905840.91
2022-10-08,6753943368.44,480498.10
2022-10-09,6515069127.50,458526.04
2022-10-10,6630536518.02,777817.12
2022-10-11,6401218422.97,865268.84
2022-10-12,5986531541.88,549479.33
2022-10-13,6058718227.63,1575493.18
2022-10-14,6134284643.40,1177806.59
2022-10-15,6300053684.67,562509.38
2022-10-16,6044824428.88,640675.69
2022-10-17,6103873211.79,1035635.12
2022-10-18,6411170647.43,1045070.69
2022-10-19,6540104832.09,815184.48
2022-10-20,6596896777.87,825422.13
2022-10-21,6086067562.92,987102.84
2022-10-22,6031616745.70,574315.16
2022-10-23,6091262338.27,784374.23
2022-10-24,6287377576.33,953975.84
2022-10-25,6134578583.57,2050483.37
2022-10-26,6572516530.11,2075486.04
2022-10-27,6719826319.18,1603004.54
2022-10-28,6830931610.11,1537320.90
2022-10-29,6871135837.69,1829861.27
2022-10-30,7070248424.94,1106835.50
2022-10-31,6900161241.44,1572584.83
2022-11-01,6973267146.79,1067491.10
2022-11-02,7126841470.61,2113106.75
2022-11-03,7097751966.04,1149883.76
2022-11-04,6931824541.66,2033860.78
2022-11-05,7536891047.03,1029768.90
2022-11-06,7685619212.66,1037858.53
2022-11-07,7077442954.12,1611797.49
2022-11-08,7011834984.60,5360702.92
2022-11-09,6058522969.01,5749401.84
2022-11-10,4852348641.01,5198034.45
2022-11-11,5761467723.60,3222051.24
2022-11-12,6115676589.44,2370004.89
2022-11-13,5543875686.67,1475237.91
2022-11-14,5826857975.21,2054848.72
2022-11-15,6071890571.47,1550999.09
2022-11-16,6292715850.58,1376997.61
2022-11-17,5973992823.45,1058824.07
2022-11-18,5743560841.51,700033.02
2022-11-19,5851385996.77,530937.50
2022-11-20,5767886969.35,1117473.72
2022-11-21,5440128154.97,1711672.82
2022-11-22,5197532276.02,1606004.97
2022-11-23,5279784018.43,1092467.57
2022-11-24,5493320142.14,864961.20
2022-11-25,5451225943.15,850410.45
2022-11-26,5415623603.28,767262.26
2022-11-27,5412829847.06,564777.21
2022-11-28,5408027820.77,973878.43
2022-11-29,5297633053.86,810893.12
2022-11-30,5464484221.89,1423322.29
2022-12-01,5882552304.31,851054.31
2022-12-02,5888900528.96,835871.87
2022-12-03,6335947441.10,585375.88
2022-12-04,6102891886.89,545037.14
2022-12-05,6278590467.87,825971.98
2022-12-06,6180378214.80,697007.98
2022-12-07,6179808491.47,773761.25
2022-12-08,6023331445.11,797384.17
2022-12-09,6180169804.66,630254.98
2022-12-10,6158734964.96,423539.60
2022-12-11,6070375482.40,469400.22
2022-12-12,5926524766.40,740259.12
2022-12-13,5922655775.91,1356981.60
2022-12-14,6089239044.97,960696.42
2022-12-15,5915107420.22,706684.09
2022-12-16,5786407077.22,1349417.61
2022-12-17,5296617847.24,683118.02
2022-12-18,5396114690.11,467269.07
2022-12-19,5326501373.65,675891.22
2022-12-20,5092643829.73,782552.52
2022-12-21,5355466152.16,430367.34
2022-12-22,5311116117.49,605770.47
2022-12-23,5357034381.68,421760.15
2022-12-24,5263563474.80,216709.55
2022-12-25,5201876566.88,365186.99
2022-12-26,5153709467.51,326818.44
2022-12-27,5194501546.13,520748.43
2022-12-28,5175743053.91,619285.06
2022-12-29,4968427091.59,457445.23
2022-12-30,5047992763.49,364859.16
2022-12-31,5090814364.94,362831.75
2023-01-01,5164234348.81,337995.67
2023-01-02,5242481069.19,529196.37
2023-01-03,5368474188.19,463098.39
2023-01-04,5384089987.51,836201.44
2023-01-05,5526428769.98,490734.47
2023-01-06,5370545995.50,634144.50
2023-01-07,5522751969.95,342001.72
2023-01-08,5419994697.61,685774.63
2023-01-09,5563283996.50,1220621.49
2023-01-10,5799214135.28,792576.82
2023-01-11,5785740944.53,863825.61
2023-01-12,5929057816.88,1693050.55
2023-01-13,6173137912.42,1438165.61
2023-01-14,6295797342.33,2306220.62
2023-01-15,6645678659.99,1250959.17
2023-01-16,6586911096.16,1456445.46
2023-01-17,6540456659.67,1178825.33
2023-01-18,6350900007.96,2076558.83
2023-01-19,6059122543.20,990873.14
2023-01-20,6151600704.72,1248561.93
2023-01-21,6689412289.15,1516899.43
2023-01-22,6662915649.82,1290642.19
2023-01-23,6908366418.04,1373726.22
2023-01-24,6732527905.21,1465147.52
2023-01-25,6279766168.29,1928611.88
2023-01-26,6612763093.76,1437210.94
2023-01-27,6767940813.89,1378610.39
2023-01-28,6855114465.03,1022314.70
2023-01-29,6625428060.10,1355859.39
2023-01-30,6927771192.23,1461947.50
2023-01-31,6515987442.75,1083871.49
2023-02-01,6571896618.07,1965409.92
2023-02-02,6812223156.24,2226305.57
2023-02-03,7130699317.58,1841634.14
2023-02-04,7081787450.71,1577729.36
2023-02-05,7210825238.30,1611559.54
2023-02-06,6902350563.10,1770312.64
2023-02-07,6653401520.19,2477100.04
2023-02-08,7004281175.37,2195797.32
2023-02-09,6808731386.14,2958288.29
2023-02-10,6310014346.95,1959559.72
2023-02-11,6362063025.43,1109653.43
2023-02-12,6490483725.28,1204919.02
2023-02-13,6336013740.48,1890916.57
2023-02-14,6248098425.41,3060174.61
2023-02-15,6586161130.73,2981460.08
2023-02-16,6926372616.82,3362073.46
2023-02-17,6513640579.88,2964877.37
2023-02-18,6739587354.74,1710731.64
2023-02-19,6978052465.29,2751628.58
2023-02-20,7186187206.00,1881723.59
2023-02-21,7343616321.92,2255137.87
2023-02-22,7025608538.50,2204779.71
2023-02-23,6924052731.61,1852943.62
2023-02-24,6943850705.91,2006369.81
2023-02-25,6568653365.71,1203428.43
2023-02-26,6459062682.07,1181885.03
2023-02-27,6598480575.42,1530152.97
2023-02-28,6441450258.15,1444419.78
2023-03-01,6493524153.23,2225624.34
2023-03-02,6842873588.47,1717208.43
2023-03-03,6628672708.92,1830827.89
2023-03-04,6269056560.35,975003.84
2023-03-05,6151329689.50,1087847.34
2023-03-06,6351564398.89,1040863.62
2023-03-07,6336255526.19,1426375.19
2023-03-08,6432217448.97,1302138.35
2023-03-09,6104395164.20,1614414.07
2023-03-10,5749604892.67,2823061.66
2023-03-11,5626969108.38,8599175.71
2023-03-12,5444649516.44,3114118.62
2023-03-13,5920901898.73,3539176.86
2023-03-14,6103962176.92,3202354.12
2023-03-15,6337172612.14,2841456.17
2023-03-16,5944203286.97,2053050.49
2023-03-17,5956062639.49,2506836.49
2023-03-18,6434525099.21,2144012.25
2023-03-19,6517213072.59,1824234.63
2023-03-20,6543550238.40,2166288.50
2023-03-21,6228732600.81,1983407.36
2023-03-22,6462487426.90,2306841.93
2023-03-23,6116675340.81,4358128.85
2023-03-24,6275567629.23,3077350.34
2023-03-25,5889019359.50,1447306.43
2023-03-26,5754029491.88,1393124.67
2023-03-27,5800199031.63,1727031.15
2023-03-28,5660525947.25,1504700.24
2023-03-29,5825568909.05,1471096.49
2023-03-30,5955668405.37,1985455.63
2023-03-31,5900847071.98,1409954.35
2023-04-01,6063573145.53,1010211.01
2023-04-02,6099976197.57,1115925.69
2023-04-03,5947417645.11,1689295.39
2023-04-04,5932177865.17,1484128.59
2023-04-05,6157015382.84,1557524.92
2023-04-06,6234515118.36,1146753.74
2023-04-07,6075786623.78,878297.18
2023-04-08,6005197120.83,738292.72
2023-04-09,5922685107.10,840245.53
2023-04-10,5916502659.81,1052474.07
2023-04-11,6017906280.95,1205347.22
2023-04-12,5942767274.64,1413855.49
2023-04-13,5947081789.55,1569794.52
2023-04-14,6202422741.58,2957573.38
2023-04-15,6312428064.51,1411138.99
2023-04-16,6270725118.94,1292264.18
2023-04-17,6314369637.40,1475338.04
2023-04-18,6128354460.04,2171622.07
2023-04-19,6326601535.31,2775528.42
2023-04-20,5830854623.94,2137886.34
2023-04-21,5781358363.83,1996996.30
2023-04-22,5460963152.72,1097429.47
2023-04-23,5503001827.93,1107675.36
2023-04-24,5428357377.94,1307425.68
2023-04-25,5355886119.41,1209421.17
2023-04-26,5465763796.56,2108906.59
2023-04-27,5343480415.64,1715122.43
2023-04-28,5560931073.54,1097742.26
2023-04-29,5534569038.02,944761.09
2023-04-30,5620434804.05,1628097.84
2023-05-01,5478524383.09,2384469.16
2023-05-02,5336386953.16,2368045.64
2023-05-03,5323648012.19,2344470.11
2023-05-04,5388961149.91,2210921.28
2023-05-05,5258163608.60,5150937.94
2023-05-06,5550286184.43,4134150.03
2023-05-07,5298448411.79,2252519.44
2023-05-08,5295645902.26,3691313.72
2023-05-09,4976934238.04,2084289.97
2023-05-10,4952137866.71,2273184.06
2023-05-11,5126164265.61,2153714.65
2023-05-12,5071989941.38,2441663.72
2023-05-13,5200394206.31,1636898.81
2023-05-14,5104572183.57,986653.88
2023-05-15,5127454340.68,1319243.13
2023-05-16,5134053178.43,1151029.38
2023-05-17,5148127872.49,1420101.09
2023-05-18,5323265878.63,1430548.38
2023-05-19,5299538819.43,1162890.89
2023-05-20,5315559158.77,871236.25
2023-05-21,5282601347.52,1710474.53
2023-05-22,5112711767.12,1934781.66
2023-05-23,5084700975.84,2594274.80
2023-05-24,5071831947.74,1926910.22
2023-05-25,4981138394.59,1703470.06
2023-05-26,4946658611.94,1517086.51
2023-05-27,4979518491.77,1053787.09
2023-05-28,5042688067.86,1504881.10
2023-05-29,5146573283.65,1513016.07
2023-05-30,5108312078.49,1627074.94
2023-05-31,5133186116.03,1421478.84
2023-06-01,5019596019.90,1166935.23
2023-06-02,4986500218.63,1125073.35
2023-06-03,5064659058.32,699025.09
2023-06-04,5084986421.73,697502.38
2023-06-05,5020687249.21,1824982.46
2023-06-06,4739670906.65,1706178.38
2023-06-07,4780431235.61,1562987.95
2023-06-08,4540025797.88,908306.60
2023-06-09,4638687469.89,818494.52
2023-06-10,4584901171.06,1931168.68
2023-06-11,4078229284.99,668203.03
2023-06-12,4048602329.07,995152.47
2023-06-13,4305720604.59,918472.30
2023-06-14,4281626359.85,1018828.79
2023-06-15,4405205222.21,1022505.95
2023-06-16,4425318248.21,971598.23
2023-06-17,4547069656.09,907200.41
2023-06-18,4521186781.25,792876.45
2023-06-19,4473370005.23,792989.35
2023-06-20,4472911098.86,1179827.78
2023-06-21,4567656218.62,1947545.54
2023-06-22,4781255694.45,1495766.84
2023-06-23,4734433086.52,1879202.04
2023-06-24,4863651740.70,964222.69
2023-06-25,4733149021.94,1090289.29
2023-06-26,5449521567.04,1204465.86
2023-06-27,5268417570.81,1434976.90
2023-06-28,5273221017.92,1183442.57
2023-06-29,4832597035.85,919841.56
2023-06-30,4926370211.57,2047297.05
2023-07-01,5275679373.11,835953.18
2023-07-02,5588350195.46,870164.08
2023-07-03,5548070005.10,1227875.47
2023-07-04,5511996184.30,881333.60
2023-07-05,5519097265.77,890861.18
2023-07-06,5419745194.35,1209748.83
2023-07-07,5295933814.74,1068447.61
2023-07-08,5473339370.34,785576.73
2023-07-09,5239831474.34,600375.78
2023-07-10,5225393051.38,951728.81
2023-07-11,5236427841.73,686442.51
2023-07-12,5254277972.71,959488.70
2023-07-13,5276667170.05,1679371.57
2023-07-14,5848692012.52,1818005.73
2023-07-15,5853676892.38,834526.95
2023-07-16,5803881775.17,966843.53
2023-07-17,5725484013.29,1501002.35
2023-07-18,5911713113.21,1209137.03
2023-07-19,5893496677.97,1268607.11
2023-07-20,5875450517.90,1473539.04
2023-07-21,6002500700.27,1028119.75
2023-07-22,6210398336.50,903518.11
2023-07-23,5982876587.65,956578.32
2023-07-24,6152079778.46,1233892.92
2023-07-25,5782928235.92,900768.44
2023-07-26,5790621725.79,1106793.70
2023-07-27,5839830075.98,994524.61
2023-07-28,5866683821.72,926644.55
2023-07-29,6004977903.80,681638.64
2023-07-30,6336875158.79,970954.03
2023-07-31,6417432470.18,953051.58
2023-08-01,6543023064.65,1241305.41
2023-08-02,6667360874.18,1032753.55
2023-08-03,6146477296.60,973891.63
2023-08-04,6103865632.69,842970.90
2023-08-05,6061334060.71,715581.81
2023-08-06,6078771364.84,909439.23
2023-08-07,5937119516.06,1118106.55
2023-08-08,5862996640.74,1273281.94
2023-08-09,6089805273.19,1236785.47
2023-08-10,6269968099.85,983817.24
2023-08-11,6189792763.68,892377.19
2023-08-12,6180008349.19,685423.11
2023-08-13,6217056791.89,720950.78
2023-08-14,6088591197.81,866516.27
2023-08-15,6257406968.66,1088399.95
2023-08-16,5959560064.52,1304160.42
2023-08-17,5451049165.49,2616815.47
2023-08-18,4982680361.98,1396015.70
2023-08-19,4907399846.80,756063.55
2023-08-20,4905424053.11,855395.01
2023-08-21,4898565946.55,932803.02
2023-08-22,4768798125.79,1308841.71
2023-08-23,4666247062.22,1330345.01
2023-08-24,4759962912.06,1035407.85
2023-08-25,4654428212.14,1224434.45
2023-08-26,4549194700.54,779127.68
2023-08-27,4601475952.64,668663.52
2023-08-28,4682350764.73,1134907.47
2023-08-29,4672152368.98,1719642.32
2023-08-30,4794863800.80,867533.99
2023-08-31,4640675509.22,1046837.99
2023-09-01,4365162659.93,933232.82
2023-09-02,4267576618.70,739918.02
2023-09-03,4389263398.51,685791.27
2023-09-04,4414684889.07,818663.55
2023-09-05,4446842733.70,732044.23
2023-09-06,4372883505.01,1022097.94
2023-09-07,4457635147.78,837531.27
2023-09-08,4469153154.18,679460.93
2023-09-09,4365747317.39,612060.56
2023-09-10,4322904574.83,812002.45
2023-09-11,4219789006.26,1423460.61
2023-09-12,4102758534.77,1135771.80
2023-09-13,4198569169.70,698419.86
2023-09-14,4254666061.67,830950.23
2023-09-15,4270521267.81,801812.28
2023-09-16,4347395984.19,488244.49
2023-09-17,4340973362.71,495512.82
2023-09-18,4278795745.01,858700.31
2023-09-19,4355575236.80,777154.08
2023-09-20,4409426049.55,733869.84
2023-09-21,4367912861.83,719425.85
2023-09-22,4243187301.76,570227.95
2023-09-23,4262054886.75,475501.87
2023-09-24,4276451898.42,519534.46
2023-09-25,4227113916.18,765535.62
2023-09-26,4271162667.01,622310.63
2023-09-27,4254098778.72,700430.26
2023-09-28,4248371277.39,890329.56
2023-09-29,4419510324.46,898133.08
2023-09-30,4401030736.69,593340.47
2023-10-01,4460812190.99,911446.22
2023-10-02,4655743113.28,1300247.13
2023-10-03,4470268006.44,761162.05
2023-10-04,4362909584.76,774053.45
2023-10-05,4306392371.05,661850.01
2023-10-06,4308637099.20,729541.93
2023-10-07,4395092012.26,480032.01
2023-10-08,4368897950.12,579754.31
2023-10-09,4345275425.33,810951.50
2023-10-10,4138099227.12,610978.49
2023-10-11,4118319567.32,740887.77
2023-10-12,4118909169.84,733908.73
2023-10-13,4000670123.67,838314.63
2023-10-14,4025403219.81,464523.40
2023-10-15,4084983281.26,970059.16
2023-10-16,4100530750.30,1313472.65
2023-10-17,4131109764.14,754369.86
2023-10-18,3886906121.22,839204.79
2023-10-19,3936176437.87,1181159.90
2023-10-20,3928575216.85,1165694.72
2023-10-21,3997185916.75,912542.17
2023-10-22,4139877742.50,1066430.59
2023-10-23,4205720239.86,2127337.55
2023-10-24,4365628373.06,2434212.02
2023-10-25,4217179936.81,1681877.42
2023-10-26,4169996001.60,1965175.23
2023-10-27,4104720926.60,1491091.36
2023-10-28,4030118276.17,1006427.34
2023-10-29,4084331133.50,1158471.16
2023-10-30,4154208192.49,1379530.29
2023-10-31,4177842749.91,1443871.34
2023-11-01,4147340940.64,1839974.99
2023-11-02,4757715354.03,1931777.13
2023-11-03,4702988295.14,1843510.59
2023-11-04,4667385981.78,1231189.03
2023-11-05,4703036987.61,1627704.00
2023-11-06,4775412185.64,1732103.40
2023-11-07,5120004362.43,1721738.63
2023-11-08,4932375140.50,1503472.14
2023-11-09,5195357062.99,3541104.90
2023-11-10,5144556691.14,2679696.80
2023-11-11,5285764597.77,2017647.84
2023-11-12,5400956175.33,1794386.30
2023-11-13,5415712073.41,2940207.09
2023-11-14,5252825950.19,2515502.51
2023-11-15,5055679004.56,2247581.18
2023-11-16,5384688745.12,2551955.44
2023-11-17,5207941310.69,2031830.82
2023-11-18,5083686812.06,1497237.45
2023-11-19,5063220237.40,1521229.64
2023-11-20,5233419063.23,2043675.45
2023-11-21,5185068631.56,2338472.50
2023-11-22,4899424821.01,2184055.19
2023-11-23,6122042109.65,1461442.63
2023-11-24,6356736314.58,1644674.48
2023-11-25,6163657372.86,1227665.39
2023-11-26,6180898666.90,1517344.93
2023-11-27,6177968835.67,1803185.14
2023-11-28,6292844009.52,1693047.76
2023-11-29,6157620392.48,1614587.69
2023-11-30,6007078066.35,1740772.45
2023-12-01,5953900404.27,1731620.88
2023-12-02,6012215602.90,1897626.72
2023-12-03,6166383465.81,1692941.10
2023-12-04,6059178109.41,3027928.21
2023-12-05,6105775736.68,3230904.59
2023-12-06,6259444730.52,2897822.46
2023-12-07,5993213098.99,2681215.95
2023-12-08,6281495258.15,2289416.73
2023-12-09,6538618596.50,2293883.85
2023-12-10,6831605037.81,1618417.03
2023-12-11,6599378841.40,2901372.33
2023-12-12,6089716711.57,2298746.25
2023-12-13,6229275423.34,2825885.79
2023-12-14,6292490686.52,2716738.70
2023-12-15,6360730402.31,2769775.28
2023-12-16,6026985885.56,2745174.10
2023-12-17,6154178810.49,2272667.13
2023-12-18,6070899799.41,2863449.87
2023-12-19,5935193819.64,2535981.83
2023-12-20,5829708165.87,2863229.43
2023-12-21,5926255544.35,2752443.17
2023-12-22,6169051824.10,3379680.67
2023-12-23,6401297311.25,2272857.16
2023-12-24,6334079274.21,2172263.45
2023-12-25,6854674607.06,2016585.66
2023-12-26,6972945348.71,2682621.09
2023-12-27,7314332685.65,3281648.65
2023-12-28,7242606841.96,3520056.40
2023-12-29,7785610561.12,2742763.04
2023-12-30,7564943890.05,1646440.16
2023-12-31,7387025834.28,1708983.02
2024-01-01,7208745933.70,1812193.47
2024-01-02,7611372170.09,2645677.17
2024-01-03,7174654269.10,4071294.53
2024-01-04,6433269911.69,2725383.49
2024-01-05,6528889121.90,2545277.97
2024-01-06,6431390396.87,1617102.90
2024-01-07,6316817888.60,1603368.41
2024-01-08,5998816864.16,2875894.45
2024-01-09,6225144742.98,3208214.53
2024-01-10,6000036465.12,4165256.22
2024-01-11,6561328959.35,3256639.50
2024-01-12,6820376004.26,3280340.26
2024-01-13,6616036423.91,1639255.89
2024-01-14,6635126465.25,1521211.78
2024-01-15,6319141773.48,1747829.38
2024-01-16,6688975744.41,2032973.46
2024-01-17,6837668822.56,1927591.95
2024-01-18,6767516243.29,2140876.67
2024-01-19,6307510887.92,3702178.03
2024-01-20,6344688790.52,1655890.00
2024-01-21,6466669389.77,1421857.83
2024-01-22,6371485793.21,2424232.68
2024-01-23,6020439179.63,2660585.54
2024-01-24,5840927321.01,1659972.12
2024-01-25,5872442149.31,2100008.50
2024-01-26,5750224728.53,1912753.73
2024-01-27,5948574423.29,1234684.02
2024-01-28,5990690438.55,1196360.41
2024-01-29,5947056739.18,1596582.84
2024-01-30,6140104563.09,1866237.80
2024-01-31,6259799832.74,1859627.74
2024-02-01,5997855780.57,1540567.94
2024-02-02,6043763969.50,1364041.98
2024-02-03,6136097706.14,1190553.30
2024-02-04,6103826150.71,1272478.69
2024-02-05,5985343619.76,1456666.00
2024-02-06,6000088989.76,1672264.05
2024-02-07,6280766459.99,1831266.02
2024-02-08,6390413673.30,1835025.26
2024-02-09,6318867554.48,1941318.53
2024-02-10,6659048094.94,1555500.13
2024-02-11,6624057375.53,1813382.12
2024-02-12,6673339946.52,2393656.37
2024-02-13,6843329598.95,2463432.68
2024-02-14,6693592084.59,2435136.27
2024-02-15,6873955720.66,2814734.42
2024-02-16,7497788883.54,2501424.08
2024-02-17,7451381018.29,1933702.15
2024-02-18,7754282090.27,2198112.55
2024-02-19,7640406138.74,2981190.27
2024-02-20,7700477314.48,3290484.14
2024-02-21,7554556415.53,3001715.85
2024-02-22,7397372223.93,2923920.48
2024-02-23,7359168364.32,2868560.30
2024-02-24,11317665122.47,2191883.47
2024-02-25,11253037996.98,2744259.11
2024-02-26,11031062658.35,3790117.69
2024-02-27,10581326121.02,3818011.72
2024-02-28,10859162079.50,5392387.91
2024-02-29,10926273759.59,4610409.12
2024-03-01,11154712324.93,3984860.27
2024-03-02,11605021156.74,3574260.92
2024-03-03,12586390720.10,3910227.30
2024-03-04,12635592311.37,5281076.16
2024-03-05,12394070675.63,9733933.23
2024-03-06,13018919318.56,6979446.27
2024-03-07,15399592822.87,5091302.36
2024-03-08,14903807329.93,5296864.95
2024-03-09,14635264268.55,4310436.95
2024-03-10,14245182592.49,4669194.93
2024-03-11,14235779165.29,5479505.71
2024-03-12,14467225698.34,5231511.57
2024-03-13,14059675176.94,4976345.09
2024-03-14,14201685144.01,5135339.64
2024-03-15,13943340066.31,5775473.38
2024-03-16,13033940476.47,4020795.25
2024-03-17,12012001440.36,3819486.77
2024-03-18,12442795917.69,4056944.62
2024-03-19,11874479469.92,5143920.19
2024-03-20,10632957689.22,6728577.99
2024-03-21,11913012597.21,4574969.07
2024-03-22,12210379488.91,4280708.14
2024-03-23,11701548977.23,3170759.16
2024-03-24,11657966342.21,3256729.77
2024-03-25,12029269123.90,4410643.28
2024-03-26,12424321569.78,5186606.72
2024-03-27,12712492408.55,5153282.09
2024-03-28,12261495633.90,4616882.90
2024-03-29,12771151240.60,5170824.88
2024-03-30,12662617285.92,5876177.60
2024-03-31,12620109363.45,5306121.24
2024-04-01,12940884719.48,5467029.69
2024-04-02,12445302669.67,6092646.86
2024-04-03,11321372536.36,4849525.07
2024-04-04,10891158133.74,4574965.07
2024-04-05,10969897932.38,3790754.37
2024-04-06,10943844698.50,2773544.53
2024-04-07,11242951348.09,3184447.76
2024-04-08,11383718358.19,4881674.60
2024-04-09,11634378815.32,4692636.61
2024-04-10,11235485329.48,4366135.13
2024-04-11,10009753331.63,4198367.41
2024-04-12,9174412399.24,5287393.25
2024-04-13,7927899245.67,6144937.41
2024-04-14,6936828799.82,4237723.74
2024-04-15,7524654814.65,4111013.86
2024-04-16,7253921432.44,3543937.49
2024-04-17,7184043170.65,3069227.16
2024-04-18,6881566773.34,2847241.37
2024-04-19,7291195805.69,3791926.47
2024-04-20,7523443247.85,2285544.35
2024-04-21,7870278530.36,2143150.98
2024-04-22,7721898066.23,2696298.58
2024-04-23,8212417956.89,2741679.85
2024-04-24,7958031670.35,2985395.40
2024-04-25,7706699105.21,2705453.88
2024-04-26,7939948702.68,2237132.11
2024-04-27,7696826434.18,2452169.43
2024-04-28,7992747064.01,2077205.99
2024-04-29,7827768035.03,2371804.09
2024-04-30,7698712041.69,3038203.20
2024-05-01,7035213771.92,2944552.25
2024-05-02,7024762805.26,2096594.53
2024-05-03,7114011977.73,2597362.59
2024-05-04,7593532577.82,1734235.93
2024-05-05,7530152630.79,1688248.37
2024-05-06,7595106418.83,2391517.67
2024-05-07,7481196072.18,2108824.78
2024-05-08,7409067327.59,2109246.09
2024-05-09,7345011229.94,1895429.56
2024-05-10,7501146355.53,1825756.56
2024-05-11,7110694206.46,1205622.09
2024-05-12,7025813006.33,1036819.31
2024-05-13,7064875636.53,2337611.88
2024-05-14,6998505289.64,2162213.24
2024-05-15,6782256731.47,2534185.97
2024-05-16,7365990495.87,2108398.57
2024-05-17,7294885365.90,2269284.42
2024-05-18,7492026574.89,1602456.69
2024-05-19,7859357086.57,1498239.33
2024-05-20,7653524064.72,4986570.61
2024-05-21,9331466865.38,4880676.39
2024-05-22,9639909591.61,3512948.22
2024-05-23,9311426642.38,6148084.06
2024-05-24,9049075864.44,3352939.52
2024-05-25,10167287340.99,2041439.64
2024-05-26,11312024430.28,2854184.25
2024-05-27,11165498197.40,3628825.26
2024-05-28,11062826474.68,3797170.07
2024-05-29,11128633036.75,3453042.73
2024-05-30,10444406360.66,3276658.88
2024-05-31,10755324416.82,3494582.86
2024-06-01,9982957282.35,2611927.40
2024-06-02,9884384052.35,2361857.32
2024-06-03,9423074203.78,2875323.64
2024-06-04,9495808384.42,2660061.17
2024-06-05,11444278724.75,2947580.79
2024-06-06,11165473120.29,2606404.59
2024-06-07,10618628918.61,3420745.88
2024-06-08,9822944654.42,2141474.59
2024-06-09,10051903057.87,1978797.30
2024-06-10,9815035219.18,2700698.11
2024-06-11,10347048230.39,3164939.58
2024-06-12,8983001324.46,3101226.50
2024-06-13,10067100798.82,2721075.76
2024-06-14,10143655143.65,2704469.12
2024-06-15,10424030292.43,1580044.99
2024-06-16,11509846298.73,1647910.19
2024-06-17,11925312154.84,2904266.40
2024-06-18,10605044538.17,3535512.38
2024-06-19,9735728951.97,2524967.11
2024-06-20,9951847536.76,2614749.69
2024-06-21,10016164102.10,2344853.25
2024-06-22,9792163155.05,1372937.94
2024-06-23,9838321695.97,1486422.78
2024-06-24,9767101323.99,3314018.02
2024-06-25,9339651012.55,2154405.92
2024-06-26,9497816810.82,1912987.95
2024-06-27,9390195164.96,2032465.14
2024-06-28,9486081026.84,1840454.79
2024-06-29,8973087040.29,1124129.33
2024-06-30,8838299426.41,1406025.14
2024-07-01,9271199415.78,1830676.31
2024-07-02,9143030515.69,1424128.61
2024-07-03,8982856941.17,2230973.51
2024-07-04,8517400488.85,2722899.29
2024-07-05,7648489183.90,3931266.65
2024-07-06,7763477352.38,1413286.97
2024-07-07,8196132440.31,1284840.43
2024-07-08,7637985880.91,2628495.62
2024-07-09,8038111048.86,1981389.04
2024-07-10,8176257353.54,1890895.31
2024-07-11,8035456904.34,1747505.31
2024-07-12,7836686383.40,1615219.90
2024-07-13,8107710032.63,1201164.20
2024-07-14,8157166344.28,1562026.09
2024-07-15,8420472803.11,2647349.27
2024-07-16,8604429093.35,3074797.21
2024-07-17,8192429118.24,2525696.71
2024-07-18,7930303109.97,2865407.88
2024-07-19,7835636688.04,2845231.35
2024-07-20,7986243483.64,1926565.89
2024-07-21,8018414610.79,2200245.83
2024-07-22,8134358329.71,2121549.22
2024-07-23,7816383409.16,2941490.63
2024-07-24,7722132813.55,1990876.40
2024-07-25,7423798687.83,2784329.85
2024-07-26,7292098882.04,1736812.32
2024-07-27,7687682267.12,1787377.48
2024-07-28,7690879390.95,1277638.00
2024-07-29,7534459977.31,2390609.49
2024-07-30,7683252670.11,2049899.32
2024-07-31,7389599402.97,2096123.56
2024-08-01,7221625915.23,2704813.21
2024-08-02,7198000032.92,2640549.41
2024-08-03,6608558475.98,2170490.29
2024-08-04,6653760618.41,2488642.12
2024-08-05,6150494412.95,9048309.33
2024-08-06,5364456230.46,2330122.43
2024-08-07,5784585969.78,2182905.80
2024-08-08,5652582782.52,2369119.85
2024-08-09,6294741975.87,1778409.57
2024-08-10,6141242651.74,957109.19
2024-08-11,6192148104.53,1387315.98
2024-08-12,5917395098.05,2001591.24
2024-08-13,6252405978.09,1590180.22
2024-08-14,6350330810.04,1591519.95
2024-08-15,6434914277.78,1731649.58
2024-08-16,6216132311.14,1392272.21
2024-08-17,6499180764.47,929387.49
2024-08-18,6408196916.10,1029529.81
2024-08-19,6169508113.02,1178770.38
2024-08-20,6206987389.73,1663363.86
2024-08-21,6265508986.72,1306129.01
2024-08-22,7098396531.34,1014240.87
2024-08-23,6919896458.94,1791802.22
2024-08-24,7012458950.60,1299358.57
2024-08-25,6917620787.97,1057093.50
2024-08-26,6625059700.57,1225707.53
2024-08-27,6315664415.46,1587992.74
2024-08-28,5711291844.90,1836319.17
2024-08-29,5764970114.70,1162554.49
2024-08-30,5830779271.31,1236721.84
2024-08-31,5896518506.97,673927.11
2024-09-01,5942184243.67,1041132.93
2024-09-02,5625216107.92,1106957.71
2024-09-03,6104068294.25,1046894.43
2024-09-04,6045304498.20,1606704.22
2024-09-05,6438258000.61,1225981.44
2024-09-06,6314060260.16,2078052.62
2024-09-07,6180534183.53,951564.03
2024-09-08,6423717011.24,900740.58
2024-09-09,6340836596.60,1441661.66
2024-09-10,6734279498.19,1228677.34
2024-09-11,6710980450.53,1318800.77
2024-09-12,6763193893.55,1236354.91
2024-09-13,6793756288.91,1269441.47
2024-09-14,6939666250.33,918187.56
2024-09-15,6672417133.67,1009507.67
2024-09-16,6542635373.41,2220921.56
2024-09-17,6412141909.81,1735724.94
2024-09-18,6783982045.64,1944690.19
2024-09-19,6735827345.65,2220454.98
2024-09-20,6810979910.25,2005857.94
2024-09-21,6809110699.72,1410108.57
2024-09-22,6906180839.40,1499765.15
2024-09-23,6638029581.46,2288814.41
2024-09-24,6831498239.96,1996481.65
2024-09-25,6930983240.31,1703595.69
2024-09-26,6776294608.35,2085944.23
2024-09-27,7350348330.25,1932191.15
2024-09-28,7625003304.01,1338420.64
2024-09-29,7612082074.41,1291426.81
2024-09-30,7447998549.46,2009609.89
2024-10-01,7381367950.86,3233428.44
2024-10-02,6891912300.27,2202247.53
2024-10-03,6680470574.78,1874722.64
2024-10-04,6550011929.35,1722348.83
2024-10-05,6714895780.06,1286987.27
2024-10-06,6828559769.85,1392798.20
2024-10-07,7071474088.66,2421600.85
2024-10-08,7226120624.35,2064594.44
2024-10-09,7178442849.04,2088834.69
2024-10-10,7278363701.70,1890492.62
2024-10-11,8102545328.62,1745517.62
2024-10-12,7880709609.87,1555520.98
2024-10-13,8137658542.12,1589401.68
2024-10-14,7673108318.64,2679921.62
2024-10-15,8113713358.68,2751285.16
2024-10-16,7832381547.31,2179842.33
2024-10-17,7580931402.09,1854961.19
2024-10-18,7344860942.01,2085054.96
2024-10-19,7463156724.07,1408243.91
2024-10-20,7325115473.14,1823148.38
2024-10-21,7746162523.55,1841172.73
2024-10-22,7804499847.00,1853970.53
2024-10-23,7996398454.70,1913235.00
2024-10-24,7854501771.18,2137927.30
2024-10-25,8025593682.48,2714557.21
2024-10-26,7358221248.54,1752844.96
2024-10-27,7425225362.19,1426512.67
2024-10-28,7523068452.57,2225766.59
2024-10-29,7771166035.06,2354976.69
2024-10-30,7928360239.78,2447456.87
2024-10-31,8127542002.68,2128273.49
2024-11-01,7604357094.19,
2024-11-02,7556256631.93,
2024-11-03,7377917690.54,
2024-11-04,7060399574.88,
2024-11-05,6779142460.52,