Date,Net deposits ($),Price ($)
2020-05-05,2.00,
2020-05-06,4.24,
2020-05-07,4.35,
2020-05-08,25.41,
2020-05-09,25.28,
2020-05-10,23.99,
2020-05-11,23.88,
2020-05-12,28.03,
2020-05-13,589.18,
2020-05-14,699.98,
2020-05-15,929.53,
2020-05-16,1115.93,
2020-05-17,1584.91,
2020-05-18,1320254.59,
2020-05-19,4681154.34,
2020-05-20,11066492.14,
2020-05-21,10830221.48,
2020-05-22,14344038.68,
2020-05-23,15193573.16,
2020-05-24,14796974.71,
2020-05-25,15074565.71,
2020-05-26,15132690.34,
2020-05-27,15800532.51,
2020-05-28,16527403.93,
2020-05-29,17265577.88,
2020-05-30,22913114.36,
2020-05-31,22062184.24,
2020-06-01,23932761.93,
2020-06-02,23846735.16,
2020-06-03,24521872.83,
2020-06-04,24559725.10,
2020-06-05,25088067.58,
2020-06-06,25493725.55,
2020-06-07,26171677.00,
2020-06-08,25284755.30,
2020-06-09,27740718.90,
2020-06-10,28004058.12,
2020-06-11,26841780.01,
2020-06-12,28461311.27,
2020-06-13,28926153.72,
2020-06-14,27976432.89,
2020-06-15,33073769.90,
2020-06-16,33701879.62,
2020-06-17,33990538.80,
2020-06-18,36424319.19,
2020-06-19,36887616.60,
2020-06-20,37906739.75,
2020-06-21,35275494.74,
2020-06-22,38227359.50,
2020-06-23,39559790.77,
2020-06-24,35479482.40,
2020-06-25,33533365.79,
2020-06-26,34493921.88,
2020-06-27,35375394.08,
2020-06-28,36437528.53,
2020-06-29,41475890.63,
2020-06-30,44026509.74,
2020-07-01,47204617.14,
2020-07-02,45697694.59,
2020-07-03,45823054.53,
2020-07-04,46658279.41,
2020-07-05,47613042.70,
2020-07-06,50267919.93,
2020-07-07,49179706.73,
2020-07-08,53918258.84,
2020-07-09,59131062.39,
2020-07-10,59003301.73,
2020-07-11,62332468.55,
2020-07-12,64076665.71,
2020-07-13,64625654.59,
2020-07-14,66854540.03,
2020-07-15,70439803.03,
2020-07-16,75266672.79,
2020-07-17,79731528.14,
2020-07-18,82668929.48,
2020-07-19,88949675.54,
2020-07-20,88161150.53,
2020-07-21,93326558.55,
2020-07-22,96658373.89,
2020-07-23,101260401.68,
2020-07-24,110475439.20,
2020-07-25,129535944.02,
2020-07-26,137422994.05,
2020-07-27,146048810.18,
2020-07-28,146146961.19,
2020-07-29,143484645.10,
2020-07-30,144645306.49,
2020-07-31,154485720.37,
2020-08-01,172280054.69,
2020-08-02,162414881.97,
2020-08-03,177340978.16,
2020-08-04,183748347.18,
2020-08-05,192188720.82,
2020-08-06,198109555.00,
2020-08-07,205988991.30,
2020-08-08,220780293.38,
2020-08-09,227519184.40,
2020-08-10,234047951.55,
2020-08-11,240599678.06,
2020-08-12,299003275.42,
2020-08-13,281616129.40,
2020-08-14,272320926.16,
2020-08-15,278528200.60,
2020-08-16,280667172.94,
2020-08-17,279808469.22,
2020-08-18,301241545.59,
2020-08-19,313695628.16,
2020-08-20,305346172.74,
2020-08-21,278081857.15,
2020-08-22,294138592.52,
2020-08-23,296352068.78,
2020-08-24,311303049.20,
2020-08-25,300065801.69,
2020-08-26,316832183.70,
2020-08-27,317919276.88,
2020-08-28,529324058.70,
2020-08-29,646762994.51,
2020-08-30,948803492.04,
2020-08-31,1386802421.02,
2020-09-01,1980006615.54,
2020-09-02,1935024429.70,
2020-09-03,1808319835.36,
2020-09-04,1970132217.93,
2020-09-05,1260313403.84,
2020-09-06,1639988943.17,
2020-09-07,1734532948.54,
2020-09-08,1592241636.12,
2020-09-09,535124325.77,
2020-09-10,1105519433.63,
2020-09-11,772308248.56,
2020-09-12,716909551.36,
2020-09-13,1075175802.16,
2020-09-14,1141005045.19,
2020-09-15,972246649.38,
2020-09-16,933761002.87,
2020-09-17,1423183329.55,3.44
2020-09-18,1938076936.54,3.44
2020-09-19,2192313897.50,7.10
2020-09-20,2207929344.69,5.70
2020-09-21,2026627438.31,5.26
2020-09-22,2023071182.40,4.29
2020-09-23,1942939810.30,3.91
2020-09-24,2120227454.17,4.34
2020-09-25,2168452308.34,5.14
2020-09-26,2230276051.87,4.91
2020-09-27,2270885598.54,4.87
2020-09-28,2318855194.86,4.84
2020-09-29,2355871650.49,4.25
2020-09-30,2435020010.09,4.34
2020-10-01,2452245732.25,4.15
2020-10-02,2428547478.20,4.24
2020-10-03,2551814057.76,3.90
2020-10-04,2549439068.66,3.89
2020-10-05,2646901425.30,3.72
2020-10-06,2501209097.75,3.32
2020-10-07,2503920626.91,2.69
2020-10-08,2638829387.24,2.96
2020-10-09,2722829116.52,3.31
2020-10-10,2834869353.14,3.41
2020-10-11,2936474097.53,3.30
2020-10-12,2951022741.69,3.37
2020-10-13,2908666382.91,3.45
2020-10-14,3030891487.30,3.35
2020-10-15,3074319093.79,3.12
2020-10-16,2962675256.77,3.08
2020-10-17,2958576494.62,3.04
2020-10-18,3011866091.09,3.07
2020-10-19,3031665951.60,3.27
2020-10-20,2949539962.22,3.17
2020-10-21,2990683397.35,2.85
2020-10-22,2958641448.15,2.93
2020-10-23,2864222430.46,3.03
2020-10-24,2960001939.04,3.01
2020-10-25,3007222044.28,2.94
2020-10-26,3028574014.30,2.77
2020-10-27,3079339834.95,2.71
2020-10-28,2999605668.15,2.82
2020-10-29,2968574881.85,2.67
2020-10-30,2950731664.04,2.54
2020-10-31,3022868110.64,2.41
2020-11-01,3037657183.22,2.26
2020-11-02,2913839804.46,2.37
2020-11-03,2900597158.32,2.25
2020-11-04,2970759394.53,2.14
2020-11-05,3014444921.19,1.93
2020-11-06,3113938152.52,2.21
2020-11-07,3037044271.67,2.55
2020-11-08,3130550761.93,2.48
2020-11-09,3234417232.32,2.88
2020-11-10,3279302604.40,2.67
2020-11-11,3349159128.46,3.05
2020-11-12,3308174111.75,2.94
2020-11-13,3396945688.49,2.96
2020-11-14,3347469375.52,3.89
2020-11-15,3234161830.56,3.81
2020-11-16,3081363567.13,3.87
2020-11-17,1795043760.15,3.58
2020-11-18,1676589006.41,3.83
2020-11-19,1649794539.50,3.46
2020-11-20,1713738910.14,3.73
2020-11-21,1740115923.91,3.84
2020-11-22,1765342516.65,3.82
2020-11-23,1824047516.01,3.68
2020-11-24,1742641060.59,4.16
2020-11-25,1671569294.06,4.05
2020-11-26,1569618906.08,3.68
2020-11-27,1633161905.41,3.43
2020-11-28,1676267029.34,3.32
2020-11-29,1721235050.49,3.46
2020-11-30,1774031561.78,3.54
2020-12-01,1704179394.66,3.75
2020-12-02,1723010026.61,3.56
2020-12-03,1782435676.60,3.97
2020-12-04,3493006679.59,3.88
2020-12-05,3602640639.93,3.53
2020-12-06,3600539545.28,3.68
2020-12-07,3568713375.81,3.64
2020-12-08,3363356038.35,3.76
2020-12-09,3485659230.32,3.29
2020-12-10,1718945174.90,3.36
2020-12-11,1705097842.00,3.24
2020-12-12,1760573960.33,2.97
2020-12-13,1817070987.93,3.12
2020-12-14,1809914653.91,3.33
2020-12-15,1830790479.88,3.49
2020-12-16,1902859534.42,3.33
2020-12-17,1900194007.96,3.53
2020-12-18,1928709006.46,3.69
2020-12-19,1937764168.14,3.77
2020-12-20,1906759792.98,3.96
2020-12-21,1932723523.17,3.76
2020-12-22,2002738887.92,3.53
2020-12-23,1965678349.11,3.75
2020-12-24,2077964423.24,3.32
2020-12-25,2103394734.05,3.51
2020-12-26,2085113545.21,3.50
2020-12-27,2119914403.42,3.42
2020-12-28,2165196415.11,3.60
2020-12-29,2238587247.77,3.74
2020-12-30,2234656160.38,3.67
2020-12-31,2324393558.45,4.15
2021-01-01,2319879276.15,5.17
2021-01-02,2399755001.48,4.74
2021-01-03,2711405597.24,4.86
2021-01-04,2891224120.06,5.41
2021-01-05,3043633673.25,5.27
2021-01-06,3272891681.87,6.33
2021-01-07,3368664345.62,6.41
2021-01-08,3376563604.11,6.28
2021-01-09,3469361218.31,5.90
2021-01-10,3369122861.16,6.26
2021-01-11,3061402958.39,6.02
2021-01-12,3057231620.61,5.24
2021-01-13,3240726925.60,5.56
2021-01-14,3395269319.08,6.33
2021-01-15,3338768911.49,6.83
2021-01-16,3438388689.62,7.37
2021-01-17,3468346534.69,8.42
2021-01-18,3533678057.80,8.67
2021-01-19,3651478334.22,9.19
2021-01-20,3680498596.50,8.62
2021-01-21,3163359143.77,9.03
2021-01-22,3468681449.37,7.64
2021-01-23,3405063501.96,8.71
2021-01-24,3773901607.72,9.30
2021-01-25,3607023010.98,12.01
2021-01-26,3693453507.21,11.40
2021-01-27,3499112938.30,13.80
2021-01-28,3667527538.63,14.83
2021-01-29,3695089388.25,14.16
2021-01-30,3757676923.08,15.65
2021-01-31,3645764099.61,19.39
2021-02-01,3799187122.79,17.64
2021-02-02,3984865622.17,20.36
2021-02-03,4319634101.05,19.07
2021-02-04,4224389779.13,19.83
2021-02-05,4434867235.69,20.05
2021-02-06,4365227309.34,21.24
2021-02-07,4290853607.98,19.32
2021-02-08,4586394894.79,18.58
2021-02-09,4682959282.81,19.36
2021-02-10,4677823480.33,19.51
2021-02-11,4860304855.45,20.61
2021-02-12,4945794440.75,21.47
2021-02-13,4922286565.64,22.70
2021-02-14,4887147150.45,21.77
2021-02-15,4820408535.25,20.95
2021-02-16,4928930946.40,19.99
2021-02-17,5127196358.28,20.43
2021-02-18,5262963734.72,21.47
2021-02-19,5320237962.62,21.20
2021-02-20,5247893729.57,20.17
2021-02-21,5393660877.04,28.95
2021-02-22,4924771852.96,29.00
2021-02-23,4439010512.09,27.76
2021-02-24,4685901089.14,24.68
2021-02-25,4421879073.06,25.37
2021-02-26,4295662770.92,23.25
2021-02-27,4397136179.02,23.13
2021-02-28,4293631195.26,23.62
2021-03-01,4647381914.13,22.16
2021-03-02,4530193996.97,25.59
2021-03-03,4710354841.24,25.67
2021-03-04,4610856969.07,25.49
2021-03-05,4611024056.82,28.37
2021-03-06,4846047019.27,28.31
2021-03-07,4998473755.41,28.45
2021-03-08,5228681472.73,34.62
2021-03-09,5359339972.84,33.48
2021-03-10,5213381698.86,32.89
2021-03-11,5330304002.36,30.94
2021-03-12,5321343931.17,31.03
2021-03-13,5726825919.47,31.04
2021-03-14,5644084535.70,32.44
2021-03-15,5555105136.12,31.04
2021-03-16,5613609730.92,29.67
2021-03-17,5907796376.52,29.88
2021-03-18,5577900448.29,31.57
2021-03-19,5754229420.51,30.15
2021-03-20,5759781478.75,33.22
2021-03-21,5700604108.91,32.18
2021-03-22,5498396429.18,32.93
2021-03-23,5381104258.79,33.00
2021-03-24,5219899732.84,31.09
2021-03-25,5183060024.04,27.53
2021-03-26,5554655948.78,26.54
2021-03-27,5657781642.84,28.98
2021-03-28,5644876508.28,28.25
2021-03-29,5911966616.40,27.84
2021-03-30,5959188802.87,29.04
2021-03-31,6073487342.10,28.55
2021-04-01,6184285277.97,28.04
2021-04-02,6467896679.62,28.71
2021-04-03,9153563819.23,30.08
2021-04-04,9515971033.24,29.51
2021-04-05,9588419812.55,31.02
2021-04-06,9577004215.58,30.74
2021-04-07,8547239865.00,31.35
2021-04-08,8925257498.69,28.62
2021-04-09,8917977919.10,30.20
2021-04-10,9167116119.27,29.53
2021-04-11,9129783641.60,29.76
2021-04-12,9123552418.30,29.91
2021-04-13,9527032959.11,36.74
2021-04-14,9804367575.14,35.50
2021-04-15,10055188858.78,36.07
2021-04-16,9806698645.33,37.86
2021-04-17,9512505511.99,36.24
2021-04-18,9105159753.48,34.77
2021-04-19,8949690019.54,31.78
2021-04-20,9554481199.53,31.35
2021-04-21,9708792919.03,31.97
2021-04-22,9770651808.86,33.48
2021-04-23,9722945145.10,34.52
2021-04-24,10101284753.31,32.94
2021-04-25,10390157733.53,30.04
2021-04-26,11970049675.99,33.74
2021-04-27,12253289346.10,37.94
2021-04-28,12582914263.95,39.39
2021-04-29,10975375268.34,42.77
2021-04-30,11211288121.00,41.28
2021-05-01,12968109220.44,40.58
2021-05-02,12866789594.83,40.09
2021-05-03,14009810966.55,42.42
2021-05-04,13675827379.74,42.32
2021-05-05,14647580072.10,42.88
2021-05-06,14436687657.57,42.48
2021-05-07,14343446666.37,40.20
2021-05-08,15288780095.16,39.77
2021-05-09,15142761569.81,40.42
2021-05-10,14820626787.42,39.48
2021-05-11,15352041966.31,36.45
2021-05-12,13996338172.30,38.56
2021-05-13,14116341596.27,37.41
2021-05-14,15108022051.22,37.52
2021-05-15,13878938398.69,40.23
2021-05-16,13770391249.61,36.56
2021-05-17,13127863069.01,36.43
2021-05-18,13585936115.54,33.18
2021-05-19,11035582717.97,35.23
2021-05-20,11898963044.69,23.63
2021-05-21,10412301626.65,26.31
2021-05-22,10054885823.67,21.78
2021-05-23,9306263177.86,20.46
2021-05-24,10691152024.95,16.91
2021-05-25,10848213374.14,24.58
2021-05-26,11345101413.85,25.13
2021-05-27,11022638190.86,29.26
2021-05-28,10297807531.73,28.62
2021-05-29,9980618880.84,25.93
2021-05-30,10472177023.75,23.19
2021-05-31,11264667067.94,25.72
2021-06-01,11085895914.59,28.28
2021-06-02,11361239298.97,27.38
2021-06-03,11798991050.43,27.73
2021-06-04,11361166123.16,28.75
2021-06-05,11158458205.82,26.50
2021-06-06,11382933329.04,25.62
2021-06-07,7839344111.34,25.85
2021-06-08,7679723930.80,24.00
2021-06-09,7884193699.12,23.51
2021-06-10,7676798143.98,25.17
2021-06-11,7393992045.35,23.56
2021-06-12,7379211213.16,21.84
2021-06-13,7710064935.78,21.38
2021-06-14,7837358974.39,23.39
2021-06-15,7757841312.91,24.26
2021-06-16,7400882155.44,23.58
2021-06-17,12005311413.31,21.75
2021-06-18,12802983615.15,22.22
2021-06-19,13950885609.85,20.37
2021-06-20,10253906799.75,19.89
2021-06-21,8860248716.41,20.82
2021-06-22,8840798911.34,15.97
2021-06-23,9222527880.04,16.37
2021-06-24,8913807138.22,17.83
2021-06-25,8516933662.96,18.07
2021-06-26,7342022146.80,16.17
2021-06-27,8527275333.70,16.01
2021-06-28,9051225336.67,17.06
2021-06-29,8174642499.05,17.75
2021-06-30,9040158080.24,18.62
2021-07-01,7913671909.53,19.27
2021-07-02,7814420238.49,17.97
2021-07-03,8605017476.08,18.23
2021-07-04,7984456532.06,19.42
2021-07-05,8004511555.40,20.87
2021-07-06,8026700478.66,20.23
2021-07-07,8010065074.74,22.34
2021-07-08,7596254406.94,22.41
2021-07-09,7528492962.90,20.43
2021-07-10,7328554276.03,21.09
2021-07-11,7337447320.71,20.34
2021-07-12,7041971028.99,20.67
2021-07-13,6784152547.43,19.65
2021-07-14,6780418418.59,18.40
2021-07-15,6530782458.57,17.91
2021-07-16,6382990017.85,16.97
2021-07-17,6291397008.93,16.38
2021-07-18,6259269877.59,16.12
2021-07-19,6022089428.49,16.45
2021-07-20,6045721440.59,15.76
2021-07-21,6521199270.65,14.64
2021-07-22,6605421804.33,16.77
2021-07-23,6883030205.87,17.60
2021-07-24,6805817193.51,18.62
2021-07-25,7048928864.72,18.28
2021-07-26,7051071159.95,18.38
2021-07-27,7176874561.66,18.58
2021-07-28,7129332468.49,18.73
2021-07-29,7306131413.03,19.08
2021-07-30,7437525966.93,19.55
2021-07-31,7541484038.73,21.00
2021-08-01,7453211213.68,21.91
2021-08-02,7627277977.62,22.05
2021-08-03,7293133137.63,22.47
2021-08-04,7625071669.20,21.41
2021-08-05,10083943980.15,23.55
2021-08-06,10217667172.10,25.36
2021-08-07,11183600840.88,26.21
2021-08-08,10883952671.07,28.31
2021-08-09,11328060566.70,26.65
2021-08-10,11269123776.99,28.42
2021-08-11,11262264973.65,28.87
2021-08-12,10944885299.76,29.03
2021-08-13,11644229434.44,28.03
2021-08-14,11671538555.84,30.52
2021-08-15,16958510325.54,30.13
2021-08-16,16502171872.97,30.23
2021-08-17,18532304636.38,29.22
2021-08-18,23763947026.87,26.35
2021-08-19,24845601805.18,26.63
2021-08-20,22780551887.16,27.64
2021-08-21,21275635585.35,28.74
2021-08-22,20498948944.41,28.29
2021-08-23,19438537204.66,28.43
2021-08-24,19684424236.78,28.76
2021-08-25,19328018382.78,26.77
2021-08-26,19241412279.06,27.08
2021-08-27,18576119049.90,25.86
2021-08-28,18726309255.14,27.32
2021-08-29,18867337227.80,26.84
2021-08-30,20104957686.71,26.81
2021-08-31,21140208996.12,26.89
2021-09-01,24361042370.29,29.58
2021-09-02,22571681758.38,31.05
2021-09-03,22917411134.85,30.04
2021-09-04,22295176482.31,28.62
2021-09-05,21039171817.18,28.67
2021-09-06,19639278661.91,29.31
2021-09-07,17675171620.42,28.99
2021-09-08,18038377611.73,24.39
2021-09-09,17495871195.49,23.23
2021-09-10,16839433082.09,23.32
2021-09-11,17891498995.11,22.24
2021-09-12,18274974826.13,22.70
2021-09-13,17223367883.97,23.77
2021-09-14,17663768393.09,22.77
2021-09-15,18563521770.83,25.72
2021-09-16,17789210758.81,27.34
2021-09-17,11925160408.00,26.31
2021-09-18,11935662303.29,24.26
2021-09-19,11685709831.32,24.47
2021-09-20,10621942427.79,23.91
2021-09-21,14632563400.14,20.80
2021-09-22,16329704447.53,18.89
2021-09-23,16452556721.62,21.50
2021-09-24,15147397989.72,21.55
2021-09-25,14787949581.60,19.62
2021-09-26,10839319138.02,19.57
2021-09-27,10523563239.17,23.89
2021-09-28,10161292646.75,22.40
2021-09-29,10269481069.98,22.93
2021-09-30,10683614997.75,23.03
2021-10-01,11530135318.87,23.44
2021-10-02,11744392786.35,25.65
2021-10-03,11790859281.54,26.18
2021-10-04,11716714010.38,26.04
2021-10-05,12077498474.01,25.30
2021-10-06,12189089822.94,25.68
2021-10-07,12201031675.39,25.32
2021-10-08,12388083868.25,25.59
2021-10-09,12409143684.12,24.72
2021-10-10,12017124507.78,25.19
2021-10-11,12257536384.23,24.26
2021-10-12,12191105161.18,24.17
2021-10-13,12487684620.67,23.40
2021-10-14,12911546237.57,24.66
2021-10-15,13117850907.28,26.29
2021-10-16,13080204579.70,25.96
2021-10-17,13193936600.34,27.12
2021-10-18,12910652388.47,25.96
2021-10-19,13304555346.72,25.45
2021-10-20,13993244509.47,26.06
2021-10-21,13794829258.29,27.06
2021-10-22,12958304715.78,26.14
2021-10-23,20107717239.34,25.74
2021-10-24,13045555312.97,26.90
2021-10-25,20188028757.98,25.90
2021-10-26,20757599609.69,26.75
2021-10-27,18975986222.73,26.58
2021-10-28,21188691474.55,24.27
2021-10-29,22091719315.51,24.93
2021-10-30,21835991355.67,25.39
2021-10-31,23284743115.65,24.87
2021-11-01,24442728703.19,25.01
2021-11-02,28728859511.67,25.68
2021-11-03,28622675065.11,26.19
2021-11-04,27131989049.52,26.82
2021-11-05,26325389762.02,25.85
2021-11-06,27794370613.74,25.67
2021-11-07,29841552553.19,25.17
2021-11-08,30546050992.93,25.42
2021-11-09,31570358882.34,26.26
2021-11-10,30220536011.72,26.39
2021-11-11,30769958607.53,25.35
2021-11-12,31564829938.64,25.50
2021-11-13,30971502023.47,24.67
2021-11-14,25982019700.89,24.75
2021-11-15,25081432149.06,24.67
2021-11-16,23808480987.93,24.09
2021-11-17,25297794486.91,21.81
2021-11-18,23057143150.05,21.97
2021-11-19,23670634293.07,20.05
2021-11-20,24417182921.19,21.30
2021-11-21,23382736526.57,22.08
2021-11-22,22520034572.87,21.89
2021-11-23,23796197698.34,21.01
2021-11-24,22616191805.85,22.22
2021-11-25,24241139766.98,20.80
2021-11-26,22492817382.44,21.36
2021-11-27,22557964330.92,19.24
2021-11-28,22269854846.15,19.39
2021-11-29,22090450921.68,20.15
2021-11-30,22536287571.70,20.30
2021-12-01,22362841115.81,21.14
2021-12-02,21160094128.84,21.00
2021-12-03,19894837237.64,22.41
2021-12-04,20228625940.84,20.00
2021-12-05,20652982720.80,17.16
2021-12-06,21166500567.10,16.50
2021-12-07,20285631241.42,17.36
2021-12-08,20830894238.07,17.18
2021-12-09,18581955863.17,18.62
2021-12-10,17244347375.13,16.29
2021-12-11,17869198288.67,15.21
2021-12-12,17694847122.30,15.87
2021-12-13,16818228265.22,16.00
2021-12-14,16622835455.74,14.17
2021-12-15,17476190654.56,14.98
2021-12-16,17028285359.90,15.21
2021-12-17,16617282132.03,14.42
2021-12-18,16848019837.47,15.00
2021-12-19,16898297863.75,15.60
2021-12-20,16786255692.93,14.96
2021-12-21,16870004029.14,14.53
2021-12-22,10695172666.76,15.09
2021-12-23,10959525435.96,16.22
2021-12-24,10818852418.28,18.19
2021-12-25,10966832265.84,17.51
2021-12-26,10963061696.35,17.54
2021-12-27,10943687095.79,18.68
2021-12-28,10466032305.97,19.12
2021-12-29,10179610273.58,18.47
2021-12-30,10309554644.99,17.14
2021-12-31,10284619414.66,17.79
2022-01-01,10445739093.65,17.06
2022-01-02,10649461293.66,17.50
2022-01-03,10560875331.95,18.35
2022-01-04,10582710402.10,18.44
2022-01-05,10039863416.39,18.35
2022-01-06,9866523820.92,17.26
2022-01-07,9240408918.69,17.11
2022-01-08,9085801312.04,15.79
2022-01-09,9239321856.83,14.93
2022-01-10,9107036296.69,15.82
2022-01-11,9486064427.37,15.15
2022-01-12,9677846521.15,15.98
2022-01-13,9442347828.05,16.29
2022-01-14,9688651045.75,15.53
2022-01-15,9669276819.23,15.90
2022-01-16,9749755398.91,16.52
2022-01-17,9421176515.72,17.82
2022-01-18,9454878943.28,16.68
2022-01-19,9315398129.11,16.03
2022-01-20,9130869882.09,15.23
2022-01-21,7981401161.99,14.51
2022-01-22,7507358963.89,12.69
2022-01-23,7753680846.57,11.14
2022-01-24,7514649258.86,11.46
2022-01-25,7632781086.86,10.71
2022-01-26,7611340404.90,10.60
2022-01-27,7649984450.86,10.59
2022-01-28,7914752324.56,10.35
2022-01-29,8085110710.20,10.65
2022-01-30,8063606725.22,11.16
2022-01-31,8211236926.23,10.81
2022-02-01,8429463894.84,11.82
2022-02-02,8234209876.73,11.13
2022-02-03,8268760349.86,10.53
2022-02-04,8724765081.63,10.38
2022-02-05,9024469184.17,11.16
2022-02-06,9185917858.49,11.27
2022-02-07,9500169478.41,11.67
2022-02-08,9468691905.84,12.42
2022-02-09,9756784538.47,11.98
2022-02-10,9392215354.37,12.34
2022-02-11,9023942438.49,11.47
2022-02-12,9040977567.73,10.64
2022-02-13,8995662907.15,10.63
2022-02-14,9092132487.89,10.40
2022-02-15,9613864998.32,10.63
2022-02-16,9607636300.04,11.46
2022-02-17,9280025460.37,11.28
2022-02-18,9042688820.20,10.38
2022-02-19,8871253807.49,10.19
2022-02-20,8575072826.89,10.04
2022-02-21,8411945696.56,9.37
2022-02-22,8424068178.78,8.58
2022-02-23,8301931122.55,8.89
2022-02-24,8309313989.18,8.80
2022-02-25,8570231649.39,8.83
2022-02-26,8350744195.37,9.25
2022-02-27,7935596397.38,9.01
2022-02-28,7733149032.90,9.83
2022-03-01,7925029971.49,10.53
2022-03-02,7923343625.83,10.34
2022-03-03,7819448426.62,10.04
2022-03-04,7442370080.77,9.55
2022-03-05,7539072133.73,8.80
2022-03-06,7247393212.52,9.03
2022-03-07,7138969424.05,8.48
2022-03-08,7322469023.60,8.33
2022-03-09,7600483805.97,8.83
2022-03-10,7456617966.49,9.20
2022-03-11,7386925751.47,8.68
2022-03-12,7410179930.43,8.55
2022-03-13,7268106689.71,8.49
2022-03-14,7376863054.92,8.19
2022-03-15,7371426265.52,8.48
2022-03-16,7641048845.50,8.70
2022-03-17,7667545738.02,9.09
2022-03-18,7853040896.04,9.23
2022-03-19,7924534285.27,9.65
2022-03-20,7765063100.29,9.70
2022-03-21,7793628584.95,9.32
2022-03-22,8090944495.35,9.34
2022-03-23,8224853698.02,9.75
2022-03-24,7986880100.10,9.96
2022-03-25,7995011891.51,10.76
2022-03-26,8077594111.43,10.60
2022-03-27,8318831993.06,10.59
2022-03-28,8365292682.56,11.37
2022-03-29,8520429998.56,10.91
2022-03-30,8552370047.38,11.24
2022-03-31,8387353832.60,11.72
2022-04-01,8704092027.60,11.27
2022-04-02,8706468330.33,11.56
2022-04-03,8865618602.51,11.64
2022-04-04,8828485915.88,11.84
2022-04-05,8701309499.53,11.51
2022-04-06,8349182383.68,11.12
2022-04-07,8507346788.43,9.96
2022-04-08,8441527968.32,10.51
2022-04-09,8575208926.16,9.70
2022-04-10,8418907265.69,10.06
2022-04-11,7955212825.68,9.90
2022-04-12,8084894439.36,8.97
2022-04-13,8230907068.88,9.34
2022-04-14,8093731029.44,9.67
2022-04-15,8188957191.10,9.48
2022-04-16,8164862381.94,9.78
2022-04-17,7853953968.46,9.68
2022-04-18,7924770583.09,9.25
2022-04-19,8136354912.34,9.41
2022-04-20,8177016365.86,9.54
2022-04-21,8017694242.95,9.32
2022-04-22,7927542380.75,8.85
2022-04-23,7893776301.47,8.91
2022-04-24,7858149065.71,8.93
2022-04-25,8013929962.84,8.71
2022-04-26,7705058895.38,8.75
2022-04-27,7869500170.22,7.99
2022-04-28,7896101773.14,8.21
2022-04-29,7666944771.15,8.16
2022-04-30,7377037691.44,7.63
2022-05-01,7587949711.44,6.80
2022-05-02,7563473172.68,7.13
2022-05-03,7307535182.70,6.94
2022-05-04,7681977480.11,6.86
2022-05-05,7254874171.22,7.97
2022-05-06,7215611036.55,7.33
2022-05-07,7147892114.73,7.63
2022-05-08,6960771664.13,7.19
2022-05-09,6213332136.12,7.10
2022-05-10,6360613551.88,6.03
2022-05-11,5835856027.12,6.07
2022-05-12,5262593970.37,4.87
2022-05-13,5555657343.14,4.68
2022-05-14,5617734725.51,5.08
2022-05-15,5753465585.58,5.20
2022-05-16,5591061980.25,5.45
2022-05-17,5709295122.40,5.04
2022-05-18,5421944232.53,5.49
2022-05-19,5700699814.17,4.89
2022-05-20,5719018344.60,5.20
2022-05-21,5750426105.15,5.11
2022-05-22,5877547410.80,5.25
2022-05-23,5724904154.52,5.51
2022-05-24,5847336374.25,5.62
2022-05-25,5793131283.61,5.60
2022-05-26,5541105790.25,5.62
2022-05-27,5397563300.11,4.98
2022-05-28,5568669538.15,4.67
2022-05-29,5529993268.14,4.99
2022-05-30,5797529347.68,4.95
2022-05-31,5770254543.00,5.65
2022-06-01,5546297593.63,5.70
2022-06-02,5635348916.99,5.16
2022-06-03,5564430000.35,5.31
2022-06-04,5613809063.83,5.07
2022-06-05,5652793881.40,5.13
2022-06-06,5821279654.76,5.10
2022-06-07,5806380107.50,5.37
2022-06-08,5856750983.46,5.26
2022-06-09,5835189119.71,5.08
2022-06-10,5658774389.93,5.20
2022-06-11,5328937168.43,4.81
2022-06-12,5106690762.66,4.37
2022-06-13,4679034745.94,4.12
2022-06-14,4612405389.33,3.61
2022-06-15,4656421308.29,3.90
2022-06-16,4559563205.29,4.39
2022-06-17,4675351962.83,3.83
2022-06-18,4412630975.46,3.95
2022-06-19,4621486089.14,3.65
2022-06-20,4690260008.28,4.17
2022-06-21,4700907721.11,4.31
2022-06-22,4615152062.27,4.75
2022-06-23,4833936908.04,5.02
2022-06-24,4989123452.84,5.63
2022-06-25,5033946326.20,5.51
2022-06-26,4957404201.98,5.63
2022-06-27,4916256372.39,5.61
2022-06-28,4856286983.08,5.34
2022-06-29,4752363825.53,4.91
2022-06-30,4682480306.05,5.09
2022-07-01,4719673183.11,4.92
2022-07-02,4702080846.62,4.87
2022-07-03,4754175496.34,4.92
2022-07-04,4895542920.49,4.92
2022-07-05,4899583733.24,5.27
2022-07-06,4985815158.68,5.31
2022-07-07,5061575901.89,5.36
2022-07-08,5018707405.37,5.75
2022-07-09,5076908968.00,5.85
2022-07-10,4860073864.43,6.47
2022-07-11,4711454135.83,6.26
2022-07-12,4609770176.05,5.57
2022-07-13,4719859099.29,5.56
2022-07-14,4842711054.72,6.12
2022-07-15,4917658584.26,6.99
2022-07-16,5122914389.76,6.80
2022-07-17,5231981166.06,7.37
2022-07-18,5704918917.72,6.98
2022-07-19,5673602989.91,7.33
2022-07-20,5561060662.60,7.33
2022-07-21,5573502670.37,6.89
2022-07-22,5670875920.13,7.21
2022-07-23,5791451103.39,6.90
2022-07-24,5818050566.86,6.99
2022-07-25,5603855708.45,7.23
2022-07-26,6699867247.44,7.13
2022-07-27,5996542305.68,6.63
2022-07-28,6109918156.89,8.04
2022-07-29,6132962403.81,9.26
2022-07-30,6121844411.00,8.99
2022-07-31,6101548787.78,8.77
2022-08-01,6056678117.43,8.41
2022-08-02,5916920318.28,8.38
2022-08-03,5933837848.12,8.35
2022-08-04,5961069935.42,8.99
2022-08-05,6216299662.23,8.86
2022-08-06,6163704375.93,8.92
2022-08-07,6173320089.12,8.79
2022-08-08,6128201500.40,8.79
2022-08-09,6025465557.59,8.80
2022-08-10,6282099198.18,8.47
2022-08-11,6247076891.59,9.20
2022-08-12,6151683806.94,8.95
2022-08-13,6007910848.97,9.23
2022-08-14,5858279700.77,8.99
2022-08-15,5773474462.77,8.87
2022-08-16,5733879370.27,8.49
2022-08-17,5666613228.32,8.36
2022-08-18,5643480857.10,7.95
2022-08-19,5297989252.54,7.61
2022-08-20,5220808386.68,6.91
2022-08-21,5302144916.62,7.02
2022-08-22,5147763736.89,7.24
2022-08-23,5193418650.61,6.98
2022-08-24,5166890158.00,7.13
2022-08-25,5245527456.69,7.05
2022-08-26,5011687140.05,7.03
2022-08-27,4994317228.13,6.13
2022-08-28,4877700808.06,6.07
2022-08-29,5130158854.91,5.76
2022-08-30,5107893819.12,6.35
2022-08-31,5099162571.97,6.16
2022-09-01,5194338448.25,6.13
2022-09-02,5175259881.54,6.33
2022-09-03,5172395670.00,6.38
2022-09-04,5123496544.47,6.30
2022-09-05,5101171574.91,6.47
2022-09-06,4932711291.04,6.58
2022-09-07,4958439942.37,5.85
2022-09-08,4976045421.32,6.13
2022-09-09,5080104289.39,6.17
2022-09-10,5142073400.74,6.50
2022-09-11,4943733769.43,6.67
2022-09-12,4967725941.58,6.49
2022-09-13,4723743690.62,6.64
2022-09-14,4657586752.40,6.04
2022-09-15,4567268415.87,6.20
2022-09-16,4582899099.39,5.88
2022-09-17,4664157027.42,5.81
2022-09-18,4494794620.76,6.03
2022-09-19,4588954856.43,5.47
2022-09-20,4538821552.07,5.48
2022-09-21,4394763741.06,5.30
2022-09-22,4604860067.57,5.37
2022-09-23,4639772504.88,5.75
2022-09-24,4640012675.43,5.92
2022-09-25,4602225279.63,5.80
2022-09-26,4674641389.47,5.67
2022-09-27,4693798915.11,5.91
2022-09-28,4695528414.47,6.39
2022-09-29,4751954363.86,6.57
2022-09-30,4745752874.86,6.37
2022-10-01,4728548082.50,6.45
2022-10-02,4628436848.16,6.40
2022-10-03,4670421905.21,6.25
2022-10-04,4732034288.75,6.64
2022-10-05,4615161849.23,6.65
2022-10-06,4602875183.39,6.80
2022-10-07,4596690814.98,6.86
2022-10-08,4571378693.23,6.75
2022-10-09,4582493966.43,6.52
2022-10-10,4504236171.19,6.63
2022-10-11,4511444447.55,6.40
2022-10-12,4444103730.44,5.99
2022-10-13,4140432821.59,6.06
2022-10-14,4155669408.47,6.13
2022-10-15,4158125554.33,6.30
2022-10-16,4211645480.32,6.04
2022-10-17,4351344621.64,6.10
2022-10-18,4324588503.89,6.41
2022-10-19,4160200353.80,6.54
2022-10-20,4150142277.24,6.60
2022-10-21,4156312547.99,6.09
2022-10-22,4182833785.47,6.03
2022-10-23,4257162135.21,6.09
2022-10-24,4236843221.38,6.29
2022-10-25,4361602574.42,6.13
2022-10-26,4487671861.33,6.57
2022-10-27,4412452663.60,6.72
2022-10-28,4426944465.06,6.83
2022-10-29,4481530431.45,6.87
2022-10-30,4522080732.25,7.07
2022-10-31,4482341928.64,6.90
2022-11-01,4493588120.65,6.97
2022-11-02,4392452788.91,7.13
2022-11-03,4424159243.09,7.10
2022-11-04,5109217844.42,6.93
2022-11-05,5105365559.02,7.54
2022-11-06,4740771082.78,7.69
2022-11-07,4788565132.99,7.08
2022-11-08,4374072757.86,7.01
2022-11-09,3888883505.14,6.06
2022-11-10,4215046018.41,4.85
2022-11-11,4105269477.30,5.76
2022-11-12,4040239005.50,6.12
2022-11-13,3989900952.16,5.54
2022-11-14,4103623410.26,5.83
2022-11-15,4012262096.60,6.07
2022-11-16,3977110637.19,6.29
2022-11-17,3942362116.67,5.97
2022-11-18,3967399057.24,5.74
2022-11-19,3962497121.62,5.85
2022-11-20,3860350005.11,5.77
2022-11-21,3799164897.92,5.44
2022-11-22,3903941105.14,5.20
2022-11-23,3712886580.82,5.28
2022-11-24,3745920632.81,5.49
2022-11-25,3734675401.68,5.45
2022-11-26,3723606706.47,5.42
2022-11-27,3590575231.45,5.41
2022-11-28,3582744980.23,5.41
2022-11-29,3639548372.42,5.30
2022-11-30,3571546442.72,5.46
2022-12-01,3549446215.76,5.88
2022-12-02,3578239670.35,5.89
2022-12-03,3517168785.39,6.34
2022-12-04,3576156534.26,6.10
2022-12-05,3544239448.56,6.28
2022-12-06,3608177146.09,6.18
2022-12-07,3561682459.46,6.18
2022-12-08,3669516100.40,6.02
2022-12-09,3638038395.69,6.18
2022-12-10,3631500358.43,6.16
2022-12-11,3641837831.48,6.07
2022-12-12,3661159219.75,5.93
2022-12-13,3710889813.71,5.92
2022-12-14,3700669077.16,6.09
2022-12-15,3612946814.75,5.92
2022-12-16,3445935713.91,5.79
2022-12-17,3444046356.45,5.30
2022-12-18,3443695828.26,5.40
2022-12-19,3403517729.96,5.33
2022-12-20,3477126317.39,5.09
2022-12-21,3505576070.13,5.36
2022-12-22,3548371272.81,5.31
2022-12-23,3557629699.47,5.36
2022-12-24,3567856933.48,5.26
2022-12-25,3556602690.28,5.20
2022-12-26,3492996068.60,5.15
2022-12-27,3476109224.10,5.19
2022-12-28,3435734170.97,5.18
2022-12-29,3439776701.88,4.97
2022-12-30,3426450396.85,5.05
2022-12-31,3377490889.19,5.09
2023-01-01,3393003131.78,5.16
2023-01-02,3398277594.48,5.24
2023-01-03,3453605649.34,5.37
2023-01-04,3497296351.99,5.38
2023-01-05,3510391026.16,5.53
2023-01-06,3524862437.62,5.37
2023-01-07,3483625015.78,5.52
2023-01-08,3522755367.13,5.42
2023-01-09,3530028671.27,5.56
2023-01-10,3545747963.11,5.80
2023-01-11,3628718703.64,5.79
2023-01-12,3812450110.81,5.93
2023-01-13,3827667603.33,6.17
2023-01-14,3806430486.30,6.30
2023-01-15,3881410092.63,6.65
2023-01-16,3958613305.50,6.59
2023-01-17,4001283053.87,6.54
2023-01-18,3935250427.15,6.35
2023-01-19,3935100348.35,6.06
2023-01-20,4085762959.07,6.15
2023-01-21,4500118662.57,6.69
2023-01-22,4666341079.12,6.66
2023-01-23,4721948683.34,6.91
2023-01-24,3958927282.38,6.73
2023-01-25,4039803199.67,6.28
2023-01-26,4034635962.86,6.61
2023-01-27,4032118338.80,6.77
2023-01-28,4011926594.28,6.86
2023-01-29,4118948131.05,6.63
2023-01-30,4005437485.18,6.93
2023-01-31,4051005072.04,6.52
2023-02-01,4183301202.51,6.57
2023-02-02,4139369284.00,6.81
2023-02-03,4373498881.93,7.13
2023-02-04,4300291167.92,7.08
2023-02-05,4178679303.75,7.21
2023-02-06,4396554749.35,6.90
2023-02-07,4510581764.06,6.65
2023-02-08,4242143887.32,7.00
2023-02-09,4134142651.98,6.81
2023-02-10,4098434606.10,6.31
2023-02-11,4152167440.75,6.36
2023-02-12,4124299512.13,6.49
2023-02-13,4093863535.18,6.34
2023-02-14,4678788079.29,6.25
2023-02-15,4364629355.70,6.59
2023-02-16,4342875313.85,6.93
2023-02-17,4387490692.98,6.51
2023-02-18,4439592674.79,6.74
2023-02-19,4434316992.52,6.98
2023-02-20,4497540799.64,7.19
2023-02-21,4425039875.08,7.34
2023-02-22,4411852978.16,7.03
2023-02-23,4445701973.76,6.92
2023-02-24,4368654509.85,6.94
2023-02-25,4342014747.33,6.57
2023-02-26,4426142210.18,6.46
2023-02-27,4417718319.04,6.60
2023-02-28,4379469761.64,6.44
2023-03-01,4478093378.24,6.49
2023-03-02,4432020294.19,6.84
2023-03-03,4247109343.26,6.63
2023-03-04,4259831618.56,6.27
2023-03-05,4275676582.50,6.15
2023-03-06,4275705328.88,6.35
2023-03-07,4189234672.39,6.34
2023-03-08,4095422278.70,6.43
2023-03-09,3922792015.73,6.10
2023-03-10,3888330756.38,5.75
2023-03-11,3608863438.23,5.63
2023-03-12,3818873014.64,5.44
2023-03-13,3889457099.77,5.92
2023-03-14,3912856886.31,6.10
2023-03-15,3885927044.76,6.34
2023-03-16,3888792987.37,5.94
2023-03-17,4414807798.01,5.96
2023-03-18,4377436962.21,6.43
2023-03-19,4434093044.97,6.52
2023-03-20,4397812795.02,6.54
2023-03-21,4690592376.38,6.23
2023-03-22,4538255866.11,6.46
2023-03-23,4757511818.70,6.12
2023-03-24,4640282336.91,6.28
2023-03-25,4619899673.37,5.89
2023-03-26,4643137856.44,5.75
2023-03-27,4953370760.01,5.80
2023-03-28,5510116305.93,5.66
2023-03-29,5541391458.95,5.83
2023-03-30,5612853226.34,5.96
2023-03-31,5603382734.98,5.90
2023-04-01,5605925321.22,6.06
2023-04-02,5626615926.59,6.10
2023-04-03,4799347934.06,5.95
2023-04-04,4911735866.11,5.93
2023-04-05,4870454071.01,6.16
2023-04-06,4830655443.40,6.23
2023-04-07,4882411474.12,6.08
2023-04-08,4855503711.19,6.01
2023-04-09,4939487397.30,5.92
2023-04-10,5008881817.25,5.92
2023-04-11,4963188246.74,6.02
2023-04-12,5111592619.02,5.94
2023-04-13,5269331871.06,5.95
2023-04-14,5400315016.06,6.20
2023-04-15,5379218193.02,6.31
2023-04-16,5717763854.75,6.27
2023-04-17,5644728517.77,6.31
2023-04-18,5734485807.49,6.13
2023-04-19,5383859281.00,6.33
2023-04-20,5431617046.24,5.83
2023-04-21,5262388642.10,5.78
2023-04-22,5315516278.37,5.46
2023-04-23,4561170105.92,5.50
2023-04-24,4499567016.07,5.43
2023-04-25,4633462495.83,5.36
2023-04-26,4637737107.40,5.47
2023-04-27,4682321881.91,5.34
2023-04-28,4684590596.27,5.56
2023-04-29,4700392294.60,5.53
2023-04-30,4644671029.19,5.62
2023-05-01,4567139350.52,5.48
2023-05-02,4652933046.61,5.34
2023-05-03,4707040174.32,5.32
2023-05-04,4664888002.96,5.39
2023-05-05,4847989611.97,5.26
2023-05-06,4701182958.90,5.55
2023-05-07,4677504172.57,5.30
2023-05-08,4548017670.25,5.30
2023-05-09,4565163124.33,4.98
2023-05-10,4481949623.03,4.95
2023-05-11,4408945319.16,5.13
2023-05-12,4465335227.86,5.07
2023-05-13,4467194758.04,5.20
2023-05-14,4473906993.67,5.10
2023-05-15,4526926370.76,5.13
2023-05-16,4615603962.03,5.13
2023-05-17,4646717717.32,5.15
2023-05-18,4622881000.54,5.32
2023-05-19,4641047331.97,5.30
2023-05-20,4655275580.31,5.32
2023-05-21,4649988635.99,5.28
2023-05-22,4565967292.97,5.11
2023-05-23,4631819050.80,5.08
2023-05-24,4526693569.05,5.07
2023-05-25,4544054231.59,4.98
2023-05-26,4577577074.37,4.95
2023-05-27,4570753038.49,4.98
2023-05-28,4706935121.87,5.04
2023-05-29,4643190077.17,5.15
2023-05-30,4650694539.19,5.11
2023-05-31,4614461348.68,5.13
2023-06-01,4557815401.08,5.02
2023-06-02,4645328406.29,4.99
2023-06-03,4627032531.69,5.06
2023-06-04,4628886024.68,5.08
2023-06-05,4444434835.19,5.02
2023-06-06,4563513894.46,4.74
2023-06-07,4447914502.14,4.78
2023-06-08,4471054167.90,4.54
2023-06-09,4471139398.97,4.64
2023-06-10,4214387009.16,4.58
2023-06-11,4223688742.96,4.08
2023-06-12,4204634521.58,4.05
2023-06-13,4198604456.17,4.31
2023-06-14,3789816883.94,4.28
2023-06-15,3787202678.56,4.41
2023-06-16,3867995975.33,4.43
2023-06-17,3908976059.16,4.55
2023-06-18,3891343180.77,4.52
2023-06-19,3925842522.45,4.47
2023-06-20,4023462987.33,4.47
2023-06-21,4448555487.12,4.57
2023-06-22,4137638804.59,4.78
2023-06-23,4139231028.21,4.73
2023-06-24,4095290353.84,4.86
2023-06-25,4417509532.85,4.73
2023-06-26,4344351518.95,5.45
2023-06-27,4404432350.99,5.27
2023-06-28,4292465751.12,5.27
2023-06-29,4337168231.48,4.83
2023-06-30,4459415494.78,4.93
2023-07-01,4468479027.05,5.28
2023-07-02,4480538749.70,5.59
2023-07-03,4517535060.14,5.55
2023-07-04,4505075237.47,5.51
2023-07-05,4476139245.92,5.52
2023-07-06,4378639346.86,5.42
2023-07-07,4431454228.43,5.30
2023-07-08,4420676190.87,5.47
2023-07-09,4428607868.20,5.24
2023-07-10,4463157061.38,5.23
2023-07-11,4469268897.77,5.24
2023-07-12,4464584072.81,5.25
2023-07-13,4363981195.70,5.28
2023-07-14,4279470057.90,5.85
2023-07-15,4281478684.45,5.85
2023-07-16,4252902487.94,5.80
2023-07-17,4264103023.19,5.73
2023-07-18,4228142776.32,5.91
2023-07-19,4237880924.13,5.89
2023-07-20,4252417692.80,5.88
2023-07-21,4260939203.08,6.00
2023-07-22,4232114227.62,6.21
2023-07-23,4276495908.11,5.98
2023-07-24,4185841244.61,6.15
2023-07-25,4188586488.92,5.78
2023-07-26,4225006700.71,5.79
2023-07-27,4218669484.41,5.84
2023-07-28,4236243331.77,5.87
2023-07-29,4224766325.73,6.00
2023-07-30,4180867923.92,6.34
2023-07-31,4173270710.54,6.42
2023-08-01,4031726252.67,6.54
2023-08-02,3985546660.79,6.67
2023-08-03,3956375093.67,6.15
2023-08-04,4036135908.07,6.10
2023-08-05,4051067580.70,6.06
2023-08-06,4041530923.17,6.08
2023-08-07,4045587640.99,5.94
2023-08-08,4110117481.90,5.86
2023-08-09,4098471971.75,6.09
2023-08-10,4094050992.89,6.27
2023-08-11,4160706125.04,6.19
2023-08-12,4173496812.50,6.18
2023-08-13,4159703359.34,6.22
2023-08-14,4168064154.98,6.09
2023-08-15,4142919765.55,6.26
2023-08-16,4074892810.98,5.96
2023-08-17,3801160386.70,5.45
2023-08-18,3758793147.30,4.98
2023-08-19,3807211149.81,4.91
2023-08-20,3811690182.15,4.91
2023-08-21,3814977283.16,4.90
2023-08-22,3758430848.68,4.77
2023-08-23,3859373718.63,4.67
2023-08-24,3821586424.96,4.76
2023-08-25,3805519999.92,4.65
2023-08-26,3809678779.33,4.55
2023-08-27,3772274811.88,4.60
2023-08-28,3761688096.33,4.68
2023-08-29,3864369532.65,4.67
2023-08-30,3825192935.37,4.79
2023-08-31,3715249793.68,4.64
2023-09-01,3688230812.18,4.37
2023-09-02,3702219307.02,4.27
2023-09-03,3701606573.34,4.39
2023-09-04,3688786167.31,4.41
2023-09-05,3689815130.53,4.45
2023-09-06,3711057352.79,4.37
2023-09-07,3747531794.55,4.46
2023-09-08,3706214817.17,4.47
2023-09-09,3700278287.05,4.37
2023-09-10,3659729383.65,4.32
2023-09-11,3528360124.27,4.22
2023-09-12,3605783052.82,4.10
2023-09-13,3638807525.52,4.20
2023-09-14,3690630161.18,4.25
2023-09-15,3725865547.66,4.27
2023-09-16,3731667093.47,4.35
2023-09-17,3677296656.61,4.34
2023-09-18,3674975230.56,4.28
2023-09-19,3684260259.29,4.36
2023-09-20,3659522316.74,4.41
2023-09-21,3587821484.68,4.37
2023-09-22,3601902652.37,4.24
2023-09-23,3597705350.84,4.26
2023-09-24,3564302570.87,4.28
2023-09-25,3579185145.60,4.23
2023-09-26,3569523740.74,4.27
2023-09-27,3566206054.61,4.25
2023-09-28,3643450768.24,4.25
2023-09-29,3645159795.56,4.42
2023-09-30,3638057702.79,4.40
2023-10-01,3706299508.35,4.46
2023-10-02,3636838291.48,4.66
2023-10-03,3618785660.95,4.47
2023-10-04,3607316052.99,4.36
2023-10-05,3542709657.19,4.31
2023-10-06,3604051186.23,4.31
2023-10-07,3580957421.31,4.40
2023-10-08,3578183194.99,4.37
2023-10-09,3477976620.25,4.35
2023-10-10,3614774078.53,4.14
2023-10-11,3599746568.58,4.12
2023-10-12,3580370681.06,4.12
2023-10-13,3578383835.56,4.00
2023-10-14,3594588252.49,4.03
2023-10-15,3602390332.41,4.08
2023-10-16,3659865561.56,4.10
2023-10-17,3600282321.28,4.13
2023-10-18,3602908664.78,3.89
2023-10-19,3613742776.71,3.94
2023-10-20,3655866561.20,3.93
2023-10-21,3716423015.47,4.00
2023-10-22,3764188935.18,4.14
2023-10-23,3910941256.60,4.21
2023-10-24,3908570808.22,4.37
2023-10-25,3917611486.83,4.22
2023-10-26,3939080017.25,4.17
2023-10-27,3918330124.65,4.10
2023-10-28,3822321732.88,4.03
2023-10-29,3851236421.01,4.08
2023-10-30,4022495581.26,4.15
2023-10-31,3928847166.42,4.18
2023-11-01,3977099337.74,4.15
2023-11-02,3875256263.63,4.76
2023-11-03,3855592888.80,4.70
2023-11-04,3814238279.18,4.67
2023-11-05,3849007426.95,4.70
2023-11-06,3718424727.25,4.78
2023-11-07,3742927331.20,5.12
2023-11-08,3822980393.61,4.93
2023-11-09,4064858839.77,5.20
2023-11-10,4050900217.86,5.14
2023-11-11,4038502249.46,5.29
2023-11-12,4028410825.27,5.40
2023-11-13,3978256691.27,5.42
2023-11-14,3895523509.94,5.25
2023-11-15,4094097787.11,5.06
2023-11-16,3960683092.68,5.38
2023-11-17,3950877674.82,5.21
2023-11-18,3896173149.44,5.08
2023-11-19,4038678893.18,5.06
2023-11-20,4007014201.35,5.23
2023-11-21,3823824055.36,5.19
2023-11-22,4152063190.59,4.90
2023-11-23,4098145695.10,6.12
2023-11-24,4126438839.50,6.36
2023-11-25,4133888724.04,6.16
2023-11-26,4145022392.66,6.18
2023-11-27,4095023126.00,6.18
2023-11-28,4075111023.67,6.29
2023-11-29,4059422347.82,6.16
2023-11-30,4156579920.49,6.01
2023-12-01,4231237721.44,5.95
2023-12-02,4327441015.25,6.01
2023-12-03,4300072074.90,6.17
2023-12-04,4350318821.37,6.06
2023-12-05,4433091584.73,6.11
2023-12-06,4341097600.06,6.26
2023-12-07,4510599541.74,5.99
2023-12-08,4582534228.18,6.28
2023-12-09,4564961435.20,6.54
2023-12-10,4570078280.90,6.83
2023-12-11,4391028282.87,6.60
2023-12-12,4392872402.43,6.09
2023-12-13,4488078110.84,6.23
2023-12-14,4563590946.41,6.29
2023-12-15,4434060782.00,6.36
2023-12-16,4426349569.46,6.03
2023-12-17,4388506237.62,6.15
2023-12-18,4401670216.79,6.07
2023-12-19,4314644786.36,5.94
2023-12-20,4338857621.83,5.83
2023-12-21,4385489089.15,5.93
2023-12-22,4525115726.03,6.17
2023-12-23,4494755569.57,6.40
2023-12-24,4443210333.06,6.33
2023-12-25,4445532180.78,6.85
2023-12-26,4443163036.86,6.97
2023-12-27,4655193685.61,7.31
2023-12-28,4526675814.80,7.24
2023-12-29,4482367282.63,7.79
2023-12-30,4490764560.57,7.56
2023-12-31,4466426661.66,7.39
2024-01-01,5257480869.86,7.21
2024-01-02,5737414901.66,7.61
2024-01-03,5494548333.98,7.17
2024-01-04,5633860706.42,6.43
2024-01-05,5578771405.57,6.53
2024-01-06,5481471356.82,6.43
2024-01-07,5407784726.28,6.32
2024-01-08,5720051243.08,6.00
2024-01-09,5699278057.56,6.23
2024-01-10,5993908238.83,6.00
2024-01-11,6014582069.64,6.56
2024-01-12,5885069704.79,6.82
2024-01-13,5987558146.93,6.62
2024-01-14,5878242132.79,6.64
2024-01-15,5434694230.65,6.32
2024-01-16,5007149256.57,6.69
2024-01-17,4918888355.50,6.84
2024-01-18,4812112847.93,6.77
2024-01-19,4866454666.08,6.31
2024-01-20,4844989652.57,6.34
2024-01-21,4827683892.97,6.47
2024-01-22,4619018596.35,6.37
2024-01-23,4546155515.46,6.02
2024-01-24,4551188304.26,5.84
2024-01-25,4530779261.69,5.87
2024-01-26,4623539214.55,5.75
2024-01-27,4627704032.52,5.95
2024-01-28,4621055829.06,5.99
2024-01-29,4715241524.80,5.95
2024-01-30,4736435402.29,6.14
2024-01-31,4615424985.63,6.26
2024-02-01,4655782248.01,6.00
2024-02-02,4672543088.77,6.04
2024-02-03,4677024994.21,6.14
2024-02-04,4680696942.26,6.10
2024-02-05,4724778428.47,5.99
2024-02-06,4836393040.68,6.00
2024-02-07,4885375300.07,6.28
2024-02-08,4889537819.53,6.39
2024-02-09,4974503757.73,6.32
2024-02-10,4992911363.07,6.66
2024-02-11,4997239735.32,6.62
2024-02-12,5189986710.08,6.67
2024-02-13,5125184474.60,6.84
2024-02-14,5292869580.11,6.69
2024-02-15,5306060759.07,6.87
2024-02-16,5292290789.09,7.50
2024-02-17,5279053341.03,7.45
2024-02-18,5409377492.83,7.75
2024-02-19,5465402605.67,7.64
2024-02-20,5589904600.20,7.70
2024-02-21,5533228196.41,7.55
2024-02-22,5556982370.98,7.40
2024-02-23,5503654991.58,7.36
2024-02-24,6225309171.97,11.32
2024-02-25,6323073898.52,11.25
2024-02-26,6419813701.88,11.03
2024-02-27,6413140755.77,10.58
2024-02-28,6523392366.81,10.86
2024-02-29,6449097998.90,10.93
2024-03-01,6882957947.28,11.15
2024-03-02,6982908922.50,11.61
2024-03-03,7121917611.23,12.59
2024-03-04,7329383939.57,12.64
2024-03-05,7084560195.73,12.39
2024-03-06,7396943853.14,13.02
2024-03-07,7500353987.79,15.40
2024-03-08,7549159141.17,14.90
2024-03-09,7629534598.07,14.64
2024-03-10,7642935856.18,14.25
2024-03-11,7924052015.34,14.24
2024-03-12,7777878256.64,14.47
2024-03-13,7912809954.03,14.06
2024-03-14,7721008373.23,14.20
2024-03-15,7445006779.66,13.94
2024-03-16,7040531363.28,13.03
2024-03-17,7376469312.42,12.01
2024-03-18,7111068396.09,12.44
2024-03-19,6499253466.24,11.87
2024-03-20,7228487730.73,10.63
2024-03-21,7208366381.34,11.91
2024-03-22,6963056314.99,12.21
2024-03-23,7043910306.14,11.70
2024-03-24,7274257725.39,11.66
2024-03-25,7501519016.14,12.03
2024-03-26,7501696769.63,12.42
2024-03-27,7342469438.00,12.71
2024-03-28,7539698702.46,12.26
2024-03-29,7522677487.90,12.77
2024-03-30,7490925690.75,12.66
2024-03-31,7664041331.10,12.62
2024-04-01,7392053774.37,12.94
2024-04-02,7031411160.53,12.45
2024-04-03,7095352205.94,11.32
2024-04-04,7169911850.02,10.89
2024-04-05,7112153422.68,10.97
2024-04-06,7192263532.69,10.94
2024-04-07,7366689547.17,11.24
2024-04-08,7775834521.36,11.38
2024-04-09,7405185114.54,11.63
2024-04-10,7492077647.12,11.24
2024-04-11,7372472560.87,10.01
2024-04-12,6751631106.46,9.17
2024-04-13,6296906150.80,7.93
2024-04-14,6606772986.05,6.94
2024-04-15,6503279623.58,7.52
2024-04-16,6513335753.38,7.25
2024-04-17,6348643449.14,7.18
2024-04-18,6506899641.76,6.88
2024-04-19,6532993796.90,7.29
2024-04-20,6769877144.75,7.52
2024-04-21,6742385415.38,7.87
2024-04-22,6863842651.16,7.72
2024-04-23,6838040848.03,8.21
2024-04-24,6768874329.17,7.96
2024-04-25,6844823175.64,7.71
2024-04-26,6759239867.75,7.94
2024-04-27,6922839479.99,7.70
2024-04-28,6841794935.24,7.99
2024-04-29,6762865257.75,7.83
2024-04-30,6448508458.96,7.70
2024-05-01,6372509175.30,7.04
2024-05-02,6459491038.09,7.02
2024-05-03,6690570762.74,7.11
2024-05-04,6717066277.49,7.59
2024-05-05,6723427962.24,7.53
2024-05-06,6641441806.60,7.60
2024-05-07,6538819620.49,7.48
2024-05-08,6480814511.65,7.41
2024-05-09,6616321789.55,7.35
2024-05-10,6437627144.36,7.50
2024-05-11,6428225237.29,7.11
2024-05-12,6387221974.50,7.03
2024-05-13,6402927683.90,7.06
2024-05-14,6328418226.65,7.00
2024-05-15,6557958289.66,6.78
2024-05-16,6254591213.83,7.37
2024-05-17,6526171614.86,7.29
2024-05-18,6500428354.40,7.49
2024-05-19,6381315568.95,7.86
2024-05-20,7184709118.36,7.65
2024-05-21,7246522904.29,9.33
2024-05-22,7169845074.47,9.64
2024-05-23,7186529981.67,9.31
2024-05-24,7181677776.89,9.05
2024-05-25,7208075203.51,10.17
2024-05-26,7094577537.21,11.31
2024-05-27,7173715464.61,11.17
2024-05-28,7095721232.05,11.06
2024-05-29,6935888145.23,11.13
2024-05-30,6943478947.87,10.44
2024-05-31,6821741347.41,10.76
2024-06-01,6885472836.06,9.98
2024-06-02,6827449245.84,9.88
2024-06-03,6871963710.94,9.42
2024-06-04,6920165513.12,9.50
2024-06-05,7038531112.66,11.44
2024-06-06,6983021647.52,11.17
2024-06-07,6701944779.04,10.62
2024-06-08,7371509203.09,9.82
2024-06-09,6727895965.19,10.05
2024-06-10,6686426188.47,9.82
2024-06-11,6452128852.22,10.35
2024-06-12,6588063994.90,8.98
2024-06-13,6380404431.54,10.07
2024-06-14,6410201971.36,10.14
2024-06-15,6570594913.93,10.42
2024-06-16,6652042651.51,11.51
2024-06-17,6430004841.66,11.93
2024-06-18,6318299527.47,10.61
2024-06-19,6481746663.92,9.74
2024-06-20,6269313089.21,9.95
2024-06-21,6256982779.61,10.02
2024-06-22,6366711509.72,9.79
2024-06-23,6397448281.68,9.84
2024-06-24,6227043235.05,9.77
2024-06-25,7404406616.96,9.34
2024-06-26,6256750793.93,9.50
2024-06-27,6283589660.44,9.39
2024-06-28,6199162684.30,9.49
2024-06-29,6528965078.19,8.97
2024-06-30,6656565117.92,8.84
2024-07-01,6637518126.55,9.27
2024-07-02,6603946448.16,9.14
2024-07-03,6373962148.78,8.98
2024-07-04,6021997199.22,8.52
2024-07-05,5513298571.29,7.65
2024-07-06,5962556031.27,7.76
2024-07-07,5429660864.93,8.20
2024-07-08,5541627084.82,7.64
2024-07-09,5623525029.49,8.04
2024-07-10,5983150591.53,8.18
2024-07-11,5666858739.01,8.04
2024-07-12,5738287313.78,7.84
2024-07-13,6144219182.00,8.11
2024-07-14,6226193818.63,8.16
2024-07-15,6649491886.32,8.42
2024-07-16,6959288586.19,8.60
2024-07-17,6846337724.65,8.19
2024-07-18,6857478571.02,7.93
2024-07-19,6978783544.80,7.84
2024-07-20,6985967068.80,7.99
2024-07-21,6965621774.98,8.02
2024-07-22,6789588177.74,8.13
2024-07-23,6663792829.78,7.82
2024-07-24,6449389687.28,7.72
2024-07-25,5935585950.49,7.42
2024-07-26,6450667602.85,7.29
2024-07-27,6398855755.57,7.69
2024-07-28,6164066924.62,7.69
2024-07-29,6534745519.95,7.53
2024-07-30,6153187069.02,7.68
2024-07-31,6070164432.11,7.39
2024-08-01,6000067475.24,7.22
2024-08-02,5660491452.55,7.20
2024-08-03,5497861212.59,6.61
2024-08-04,5154487309.54,6.65
2024-08-05,4681533260.47,6.15
2024-08-06,4805793714.79,5.36
2024-08-07,4617558027.27,5.78
2024-08-08,5142181508.26,5.65
2024-08-09,5039456836.23,6.29
2024-08-10,5062289736.19,6.14
2024-08-11,4939633430.61,6.19
2024-08-12,5188391723.66,5.92
2024-08-13,5124060129.29,6.25
2024-08-14,5064496524.71,6.35
2024-08-15,4927324535.13,6.43
2024-08-16,4961966599.30,6.22
2024-08-17,5005553583.66,6.50
2024-08-18,5013874056.91,6.41
2024-08-19,5063342663.60,6.17
2024-08-20,5111383042.89,6.21
2024-08-21,5511783594.30,6.27
2024-08-22,5437434610.94,7.10
2024-08-23,5677288718.45,6.92
2024-08-24,5735080913.13,7.01
2024-08-25,5652114054.02,6.92
2024-08-26,5226134730.02,6.63
2024-08-27,4905044992.43,6.32
2024-08-28,4992075980.34,5.71
2024-08-29,4999495553.93,5.76
2024-08-30,4999254464.65,5.83
2024-08-31,4989523187.88,5.90
2024-09-01,4859812201.68,5.94
2024-09-02,5038568479.93,5.63
2024-09-03,4854025739.10,6.10
2024-09-04,4888736689.17,6.05
2024-09-05,4787115430.10,6.44
2024-09-06,4569834803.09,6.31
2024-09-07,4655395877.76,6.18
2024-09-08,4708143260.57,6.42
2024-09-09,4833775897.36,6.34
2024-09-10,4880461292.27,6.73
2024-09-11,4824041184.88,6.71
2024-09-12,4960411850.04,6.76
2024-09-13,5120413532.33,6.79
2024-09-14,5072509338.93,6.94
2024-09-15,5615762090.37,6.67
2024-09-16,5512411336.33,6.54
2024-09-17,4773303279.20,6.41
2024-09-18,4834360291.13,6.78
2024-09-19,4960618438.07,6.74
2024-09-20,5080909258.75,6.81
2024-09-21,5197048046.65,6.81
2024-09-22,5159064579.58,6.91
2024-09-23,5260013604.85,6.64
2024-09-24,5446324431.92,6.83
2024-09-25,5321483238.87,6.93
2024-09-26,8216126452.20,6.78
2024-09-27,5599651224.17,7.35
2024-09-28,5564422486.06,7.63
2024-09-29,5537902036.64,7.61
2024-09-30,5411865536.30,7.45
2024-10-01,5211363753.92,7.38
2024-10-02,5156661710.61,6.89
2024-10-03,5501939422.25,6.68
2024-10-04,6264674478.72,6.55
2024-10-05,6240443956.20,6.71
2024-10-06,6483234048.33,6.83
2024-10-07,5283173015.14,7.07
2024-10-08,5315898852.73,7.23
2024-10-09,5202642872.74,7.18
2024-10-10,5228407581.10,7.28
2024-10-11,5398346701.69,8.10
2024-10-12,5485070432.40,7.88
2024-10-13,5490151537.06,8.14
2024-10-14,5749261916.76,7.67
2024-10-15,5792759145.35,8.11
2024-10-16,5755771088.56,7.83
2024-10-17,5718187422.08,7.58
2024-10-18,5934956526.21,7.34
2024-10-19,5962648531.80,7.46
2024-10-20,6155809241.47,7.33
2024-10-21,5946168219.85,7.75
2024-10-22,6443888945.27,7.80
2024-10-23,5523979967.49,8.00
2024-10-24,5576857484.64,7.85
2024-10-25,5331573718.85,8.03
2024-10-26,5461889770.87,7.36
2024-10-27,5589048531.59,7.43
2024-10-28,6085036852.77,7.52
2024-10-29,6404800767.74,7.77
2024-10-30,7643832217.67,7.93
2024-10-31,5496167260.74,8.13
2024-11-01,,7.60
2024-11-02,,7.56
2024-11-03,,7.38
2024-11-04,,7.06
2024-11-05,,6.78