Date,Total value locked ($),Treasury ($)
2020-05-05,2.00,
2020-05-06,4.24,
2020-05-07,4.35,
2020-05-08,25.41,
2020-05-09,25.28,
2020-05-10,23.99,
2020-05-11,23.88,
2020-05-12,28.03,
2020-05-13,589.18,
2020-05-14,699.98,
2020-05-15,929.53,
2020-05-16,1115.93,
2020-05-17,1584.91,
2020-05-18,1320254.59,
2020-05-19,4681154.34,
2020-05-20,11066492.14,
2020-05-21,10830221.48,
2020-05-22,14344038.68,
2020-05-23,15193573.16,
2020-05-24,14796974.71,
2020-05-25,15074565.71,
2020-05-26,15132690.34,
2020-05-27,15800532.51,
2020-05-28,16527403.93,
2020-05-29,17265577.88,
2020-05-30,22913114.36,
2020-05-31,22062184.24,
2020-06-01,23932761.93,
2020-06-02,23846735.16,
2020-06-03,24521872.83,
2020-06-04,24559725.10,
2020-06-05,25088067.58,
2020-06-06,25493725.55,
2020-06-07,26171677.00,
2020-06-08,25284755.30,
2020-06-09,27740718.90,
2020-06-10,28004058.12,
2020-06-11,26841780.01,
2020-06-12,28461311.27,
2020-06-13,28926153.72,
2020-06-14,27976432.89,
2020-06-15,33073769.90,
2020-06-16,33701879.62,
2020-06-17,33990538.80,
2020-06-18,36424319.19,
2020-06-19,36887616.60,
2020-06-20,37906739.75,
2020-06-21,35275494.74,
2020-06-22,38227359.50,
2020-06-23,39559790.77,
2020-06-24,35479482.40,
2020-06-25,33533365.79,
2020-06-26,34493921.88,
2020-06-27,35375394.08,
2020-06-28,36437528.53,
2020-06-29,41475890.63,
2020-06-30,44026509.74,
2020-07-01,47204617.14,
2020-07-02,45697694.59,
2020-07-03,45823054.53,
2020-07-04,46658279.41,
2020-07-05,47613042.70,
2020-07-06,50267919.93,
2020-07-07,49179706.73,
2020-07-08,53918258.84,
2020-07-09,59131062.39,
2020-07-10,59003301.73,
2020-07-11,62332468.55,
2020-07-12,64076665.71,
2020-07-13,64625654.59,
2020-07-14,66854540.03,
2020-07-15,70439803.03,
2020-07-16,75266672.79,
2020-07-17,79731528.14,
2020-07-18,82668929.48,
2020-07-19,88949675.54,
2020-07-20,88161150.53,
2020-07-21,93326558.55,
2020-07-22,96658373.89,
2020-07-23,101260401.68,
2020-07-24,110475439.20,
2020-07-25,129535944.02,
2020-07-26,137422994.05,
2020-07-27,146048810.18,
2020-07-28,146146961.19,
2020-07-29,143484645.10,
2020-07-30,144645306.49,
2020-07-31,154485720.37,
2020-08-01,172280054.69,
2020-08-02,162414881.97,
2020-08-03,177340978.16,
2020-08-04,183748347.18,
2020-08-05,192188720.82,
2020-08-06,198109555.00,
2020-08-07,205988991.30,
2020-08-08,220780293.38,
2020-08-09,227519184.40,
2020-08-10,234047951.55,
2020-08-11,240599678.06,
2020-08-12,299003275.42,
2020-08-13,281616129.40,
2020-08-14,272320926.16,
2020-08-15,278528200.60,
2020-08-16,280667172.94,
2020-08-17,279808469.22,
2020-08-18,301241545.59,
2020-08-19,313695628.16,
2020-08-20,305346172.74,
2020-08-21,278081857.15,
2020-08-22,294138592.52,
2020-08-23,296352068.78,
2020-08-24,311303049.20,
2020-08-25,300065801.69,
2020-08-26,316832183.70,
2020-08-27,317919276.88,
2020-08-28,529324058.70,
2020-08-29,646762994.51,
2020-08-30,948803492.04,
2020-08-31,1386802421.02,
2020-09-01,1980006615.54,
2020-09-02,1935024429.70,
2020-09-03,1808319835.36,
2020-09-04,1970132217.93,
2020-09-05,1260313403.84,
2020-09-06,1639988943.17,
2020-09-07,1734532948.54,
2020-09-08,1592241636.12,
2020-09-09,535124325.77,
2020-09-10,1105519433.63,
2020-09-11,772308248.56,
2020-09-12,716909551.36,
2020-09-13,1075175802.16,
2020-09-14,1141005045.19,
2020-09-15,972246649.38,
2020-09-16,933761002.87,
2020-09-17,1423183329.55,1500575853.16
2020-09-18,1938076936.54,2938128300.73
2020-09-19,2192313897.50,2435351452.16
2020-09-20,2207929344.69,2251047252.19
2020-09-21,2026627438.31,1840007082.03
2020-09-22,2023071182.40,1678016257.10
2020-09-23,1942939810.30,1881362069.32
2020-09-24,2120227454.17,2207118451.39
2020-09-25,2168452308.34,2115437199.82
2020-09-26,2230276051.87,2083578275.77
2020-09-27,2270885598.54,2066895550.13
2020-09-28,2318855194.86,1819786860.78
2020-09-29,2355871650.49,1868395927.50
2020-09-30,2435020010.09,1782627549.53
2020-10-01,2452245732.25,1828101146.27
2020-10-02,2428547478.20,1666258758.97
2020-10-03,2551814057.76,1678069959.74
2020-10-04,2549439068.66,1602169561.14
2020-10-05,2646901425.30,1424029598.37
2020-10-06,2501209097.75,1162496707.50
2020-10-07,2503920626.91,1272439448.85
2020-10-08,2638829387.24,1451916698.50
2020-10-09,2722829116.52,1459713674.88
2020-10-10,2834869353.14,1415115641.43
2020-10-11,2936474097.53,1444231044.68
2020-10-12,2951022741.69,1484476188.92
2020-10-13,2908666382.91,1445434606.52
2020-10-14,3030891487.30,1335666641.30
2020-10-15,3074319093.79,1336298366.53
2020-10-16,2962675256.77,1312404133.28
2020-10-17,2958576494.62,1315269882.80
2020-10-18,3011866091.09,1402895549.74
2020-10-19,3031665951.60,1359805534.75
2020-10-20,2949539962.22,1224866672.03
2020-10-21,2990683397.35,1261426573.12
2020-10-22,2958641448.15,1296440031.35
2020-10-23,2864222430.46,1288782344.22
2020-10-24,2960001939.04,1266522013.73
2020-10-25,3007222044.28,1191947689.53
2020-10-26,3028574014.30,1170020187.72
2020-10-27,3079339834.95,1212461502.94
2020-10-28,2999605668.15,1145540240.20
2020-10-29,2968574881.85,1089116338.10
2020-10-30,2950731664.04,1039419922.78
2020-10-31,3022868110.64,973841251.81
2020-11-01,3037657183.22,1016095181.55
2020-11-02,2913839804.46,968021139.36
2020-11-03,2900597158.32,916087577.63
2020-11-04,2970759394.53,831311261.26
2020-11-05,3014444921.19,943125531.67
2020-11-06,3113938152.52,1103169765.14
2020-11-07,3037044271.67,1066265829.50
2020-11-08,3130550761.93,1236245748.41
2020-11-09,3234417232.32,1147181094.12
2020-11-10,3279302604.40,1320070169.38
2020-11-11,3349159128.46,1254422650.46
2020-11-12,3308174111.75,1277383191.81
2020-11-13,3396945688.49,1667653196.53
2020-11-14,3347469375.52,1634373416.96
2020-11-15,3234161830.56,1658119961.50
2020-11-16,3081363567.13,1544940424.34
2020-11-17,1795043760.15,1633751686.37
2020-11-18,1676589006.41,1487637282.30
2020-11-19,1649794539.50,1597679914.70
2020-11-20,1713738910.14,1648017962.59
2020-11-21,1740115923.91,1646709919.16
2020-11-22,1765342516.65,1577919805.08
2020-11-23,1824047516.01,1783258281.70
2020-11-24,1742641060.59,1739650743.70
2020-11-25,1671569294.06,1587776755.11
2020-11-26,1569618906.08,1462325310.85
2020-11-27,1633161905.41,1425878269.14
2020-11-28,1676267029.34,1490899555.20
2020-11-29,1721235050.49,1525092253.27
2020-11-30,1774031561.78,1624691476.10
2020-12-01,1704179394.66,1525730735.48
2020-12-02,1723010026.61,1701244122.13
2020-12-03,1782435676.60,1673482426.76
2020-12-04,3493006679.59,1515193982.81
2020-12-05,3602640639.93,1580949933.80
2020-12-06,3600539545.28,1564052522.07
2020-12-07,3568713375.81,1612964831.94
2020-12-08,3363356038.35,1412124825.62
2020-12-09,3485659230.32,1445129329.07
2020-12-10,1718945174.90,1392870298.73
2020-12-11,1705097842.00,1277221067.42
2020-12-12,1760573960.33,1344916808.02
2020-12-13,1817070987.93,1430312822.66
2020-12-14,1809914653.91,1500396576.18
2020-12-15,1830790479.88,1434745068.88
2020-12-16,1902859534.42,1516330823.51
2020-12-17,1900194007.96,1580055587.54
2020-12-18,1928709006.46,1617711053.40
2020-12-19,1937764168.14,1699920843.50
2020-12-20,1906759792.98,1613525077.75
2020-12-21,1932723523.17,1515657071.42
2020-12-22,2002738887.92,1605278726.46
2020-12-23,1965678349.11,1425448176.33
2020-12-24,2077964423.24,1511638378.80
2020-12-25,2103394734.05,1504840705.45
2020-12-26,2085113545.21,1463487104.66
2020-12-27,2119914403.42,1555168149.37
2020-12-28,2165196415.11,1603644652.13
2020-12-29,2238587247.77,1580442063.96
2020-12-30,2234656160.38,1784455125.07
2020-12-31,2324393558.45,2211720115.89
2021-01-01,2319879276.15,2037645676.81
2021-01-02,2399755001.48,2082516092.29
2021-01-03,2711405597.24,2360092020.62
2021-01-04,2891224120.06,2313734935.73
2021-01-05,3043633673.25,2693371363.50
2021-01-06,3272891681.87,2761742713.53
2021-01-07,3368664345.62,2704057884.84
2021-01-08,3376563604.11,2537336763.71
2021-01-09,3469361218.31,2704002873.68
2021-01-10,3369122861.16,2569859932.01
2021-01-11,3061402958.39,2249807264.74
2021-01-12,3057231620.61,2404495090.86
2021-01-13,3240726925.60,2728229628.40
2021-01-14,3395269319.08,2958566709.20
2021-01-15,3338768911.49,3154994003.55
2021-01-16,3438388689.62,3613443117.84
2021-01-17,3468346534.69,3721068070.26
2021-01-18,3533678057.80,3930429774.92
2021-01-19,3651478334.22,3722493086.28
2021-01-20,3680498596.50,3861746923.95
2021-01-21,3163359143.77,3249033440.88
2021-01-22,3468681449.37,3762512508.71
2021-01-23,3405063501.96,3990637725.99
2021-01-24,3773901607.72,5159540803.08
2021-01-25,3607023010.98,4895696692.69
2021-01-26,3693453507.21,5950133105.26
2021-01-27,3499112938.30,6343808719.80
2021-01-28,3667527538.63,6093758963.74
2021-01-29,3695089388.25,6711544884.79
2021-01-30,3757676923.08,8350836073.30
2021-01-31,3645764099.61,7547347770.87
2021-02-01,3799187122.79,8766032046.22
2021-02-02,3984865622.17,8189900431.89
2021-02-03,4319634101.05,8509966150.08
2021-02-04,4224389779.13,8598268298.03
2021-02-05,4434867235.69,9095064190.08
2021-02-06,4365227309.34,8285816283.86
2021-02-07,4290853607.98,8006543535.84
2021-02-08,4586394894.79,8281836228.78
2021-02-09,4682959282.81,8424837881.02
2021-02-10,4677823480.33,8917163452.79
2021-02-11,4860304855.45,9230684869.59
2021-02-12,4945794440.75,9752002646.35
2021-02-13,4922286565.64,9387683653.52
2021-02-14,4887147150.45,9017477987.14
2021-02-15,4820408535.25,8595068394.13
2021-02-16,4928930946.40,8750813206.02
2021-02-17,5127196358.28,9261315490.48
2021-02-18,5262963734.72,9083006409.07
2021-02-19,5320237962.62,8576362822.84
2021-02-20,5247893729.57,12409973821.16
2021-02-21,5393660877.04,12387734075.61
2021-02-22,4924771852.96,11879888439.47
2021-02-23,4439010512.09,10576309657.82
2021-02-24,4685901089.14,10898443727.68
2021-02-25,4421879073.06,10100060681.50
2021-02-26,4295662770.92,9856324361.88
2021-02-27,4397136179.02,10072358249.16
2021-02-28,4293631195.26,9584974327.52
2021-03-01,4647381914.13,10964930230.74
2021-03-02,4530193996.97,10978949945.48
2021-03-03,4710354841.24,10905052158.62
2021-03-04,4610856969.07,12092781064.66
2021-03-05,4611024056.82,12090260348.84
2021-03-06,4846047019.27,12203667223.81
2021-03-07,4998473755.41,14740265183.04
2021-03-08,5228681472.73,14320950187.55
2021-03-09,5359339972.84,14171150309.37
2021-03-10,5213381698.86,13320550345.96
2021-03-11,5330304002.36,13378727722.17
2021-03-12,5321343931.17,13271570916.56
2021-03-13,5726825919.47,13929728828.49
2021-03-14,5644084535.70,13177152558.24
2021-03-15,5555105136.12,12773426616.59
2021-03-16,5613609730.92,12793284199.00
2021-03-17,5907796376.52,13502773816.51
2021-03-18,5577900448.29,12969322525.90
2021-03-19,5754229420.51,14221027220.76
2021-03-20,5759781478.75,13836286241.10
2021-03-21,5700604108.91,14109506979.84
2021-03-22,5498396429.18,14135912145.88
2021-03-23,5381104258.79,13313257786.39
2021-03-24,5219899732.84,11748195544.36
2021-03-25,5183060024.04,11441860540.05
2021-03-26,5554655948.78,12391201497.85
2021-03-27,5657781642.84,12176309194.15
2021-03-28,5644876508.28,11900368560.01
2021-03-29,5911966616.40,12454775246.75
2021-03-30,5959188802.87,12199589658.32
2021-03-31,6073487342.10,12054350015.90
2021-04-01,6184285277.97,12279441740.14
2021-04-02,6467896679.62,12913950599.09
2021-04-03,9153563819.23,12702672828.48
2021-04-04,9515971033.24,13264768293.18
2021-04-05,9588419812.55,13181127195.63
2021-04-06,9577004215.58,13405817243.74
2021-04-07,8547239865.00,12267488820.42
2021-04-08,8925257498.69,12995888137.55
2021-04-09,8917977919.10,12686747516.84
2021-04-10,9167116119.27,12772007923.24
2021-04-11,9129783641.60,12858257514.89
2021-04-12,9123552418.30,15830757072.78
2021-04-13,9527032959.11,15200543034.99
2021-04-14,9804367575.14,15487831630.99
2021-04-15,10055188858.78,16276620748.32
2021-04-16,9806698645.33,15650090395.64
2021-04-17,9512505511.99,14931467823.40
2021-04-18,9105159753.48,13669973344.55
2021-04-19,8949690019.54,13522241801.41
2021-04-20,9554481199.53,13754276878.56
2021-04-21,9708792919.03,14379572080.23
2021-04-22,9770651808.86,14683955414.78
2021-04-23,9722945145.10,14079067847.60
2021-04-24,10101284753.31,12968799827.08
2021-04-25,10390157733.53,14680897530.44
2021-04-26,11970049675.99,16308695235.65
2021-04-27,12253289346.10,17037329272.55
2021-04-28,12582914263.95,18304050241.69
2021-04-29,10975375268.34,17735039515.97
2021-04-30,11211288121.00,17375718036.57
2021-05-01,12968109220.44,17242440930.14
2021-05-02,12866789594.83,18208744404.33
2021-05-03,14009810966.55,18221209009.56
2021-05-04,13675827379.74,18576013657.73
2021-05-05,14647580072.10,18178562127.53
2021-05-06,14436687657.57,17322608586.28
2021-05-07,14343446666.37,17010470385.51
2021-05-08,15288780095.16,17441016811.39
2021-05-09,15142761569.81,16973222145.58
2021-05-10,14820626787.42,15666656412.10
2021-05-11,15352041966.31,16589224628.51
2021-05-12,13996338172.30,15824238853.35
2021-05-13,14116341596.27,15986998860.98
2021-05-14,15108022051.22,17298144924.55
2021-05-15,13878938398.69,15690885388.39
2021-05-16,13770391249.61,15743700563.49
2021-05-17,13127863069.01,14342590609.51
2021-05-18,13585936115.54,15068774596.72
2021-05-19,11035582717.97,10129720622.95
2021-05-20,11898963044.69,11357638903.69
2021-05-21,10412301626.65,9386056924.38
2021-05-22,10054885823.67,8745621127.31
2021-05-23,9306263177.86,7238882819.45
2021-05-24,10691152024.95,10626420664.83
2021-05-25,10848213374.14,10832890189.23
2021-05-26,11345101413.85,12569846532.68
2021-05-27,11022638190.86,12260370925.55
2021-05-28,10297807531.73,11116215268.34
2021-05-29,9980618880.84,9945212193.47
2021-05-30,10472177023.75,11051335096.44
2021-05-31,11264667067.94,12164265886.32
2021-06-01,11085895914.59,11789294786.96
2021-06-02,11361239298.97,11901676840.09
2021-06-03,11798991050.43,12288007960.45
2021-06-04,11361166123.16,11389889344.85
2021-06-05,11158458205.82,11013011409.06
2021-06-06,11382933329.04,11085086496.95
2021-06-07,7839344111.34,10372661436.25
2021-06-08,7679723930.80,10079691559.30
2021-06-09,7884193699.12,10771448491.36
2021-06-10,7676798143.98,10117417713.25
2021-06-11,7393992045.35,9381408452.84
2021-06-12,7379211213.16,9143372680.58
2021-06-13,7710064935.78,9970621593.10
2021-06-14,7837358974.39,10318401972.29
2021-06-15,7757841312.91,10110483563.87
2021-06-16,7400882155.44,9331887410.83
2021-06-17,12005311413.31,9492135908.35
2021-06-18,12802983615.15,8757284152.99
2021-06-19,13950885609.85,8549860186.48
2021-06-20,10253906799.75,8902386210.85
2021-06-21,8860248716.41,6810427025.32
2021-06-22,8840798911.34,7022440887.72
2021-06-23,9222527880.04,7622540276.73
2021-06-24,8913807138.22,7754113523.75
2021-06-25,8516933662.96,6852940241.49
2021-06-26,7342022146.80,6925534351.03
2021-06-27,8527275333.70,7313579769.09
2021-06-28,9051225336.67,7553137832.99
2021-06-29,8174642499.05,7943748904.87
2021-06-30,9040158080.24,8212633839.94
2021-07-01,7913671909.53,7665648781.79
2021-07-02,7814420238.49,7777150773.31
2021-07-03,8605017476.08,8310566483.28
2021-07-04,7984456532.06,8907988682.68
2021-07-05,8004511555.40,8605463896.98
2021-07-06,8026700478.66,9582328753.93
2021-07-07,8010065074.74,9541465442.83
2021-07-08,7596254406.94,8702374221.38
2021-07-09,7528492962.90,9035489569.66
2021-07-10,7328554276.03,8659329505.78
2021-07-11,7337447320.71,8812164195.02
2021-07-12,7041971028.99,8365546391.66
2021-07-13,6784152547.43,7864086552.45
2021-07-14,6780418418.59,7630783371.71
2021-07-15,6530782458.57,7282643571.75
2021-07-16,6382990017.85,6985598679.40
2021-07-17,6291397008.93,6904379748.58
2021-07-18,6259269877.59,6994210771.71
2021-07-19,6022089428.49,6740427270.69
2021-07-20,6045721440.59,6248602452.52
2021-07-21,6521199270.65,7124157532.25
2021-07-22,6605421804.33,7486717024.33
2021-07-23,6883030205.87,7947716023.37
2021-07-24,6805817193.51,7820568367.61
2021-07-25,7048928864.72,7792192776.04
2021-07-26,7051071159.95,7982880572.32
2021-07-27,7176874561.66,8059811471.36
2021-07-28,7129332468.49,8111100223.41
2021-07-29,7306131413.03,8387209123.01
2021-07-30,7437525966.93,8988353339.31
2021-07-31,7541484038.73,9385254176.29
2021-08-01,7453211213.68,9418120198.07
2021-08-02,7627277977.62,9608569685.04
2021-08-03,7293133137.63,9123522351.38
2021-08-04,7625071669.20,10075079328.84
2021-08-05,10083943980.15,10869099985.72
2021-08-06,10217667172.10,11227630818.61
2021-08-07,11183600840.88,12120126730.08
2021-08-08,10883952671.07,11404807493.29
2021-08-09,11328060566.70,12185344580.32
2021-08-10,11269123776.99,12362147929.35
2021-08-11,11262264973.65,12418331687.42
2021-08-12,10944885299.76,11980983492.30
2021-08-13,11644229434.44,13071784097.81
2021-08-14,11671538555.84,12917465545.93
2021-08-15,16958510325.54,12934751281.10
2021-08-16,16502171872.97,12504673442.66
2021-08-17,18532304636.38,11255187559.31
2021-08-18,23763947026.87,11285749657.15
2021-08-19,24845601805.18,11975088524.05
2021-08-20,22780551887.16,12334587704.60
2021-08-21,21275635585.35,12153769769.90
2021-08-22,20498948944.41,12193921579.96
2021-08-23,19438537204.66,12328302044.42
2021-08-24,19684424236.78,11449394388.77
2021-08-25,19328018382.78,11574924086.04
2021-08-26,19241412279.06,11019441889.80
2021-08-27,18576119049.90,11717013478.01
2021-08-28,18726309255.14,11515747617.64
2021-08-29,18867337227.80,11498121153.86
2021-08-30,20104957686.71,11490232610.71
2021-08-31,21140208996.12,12617990863.10
2021-09-01,24361042370.29,13440180101.41
2021-09-02,22571681758.38,12942603432.16
2021-09-03,22917411134.85,12304722365.63
2021-09-04,22295176482.31,12282540974.11
2021-09-05,21039171817.18,12539523590.54
2021-09-06,19639278661.91,12403120247.93
2021-09-07,17675171620.42,10410463463.32
2021-09-08,18038377611.73,9957922525.11
2021-09-09,17495871195.49,9963213295.17
2021-09-10,16839433082.09,9513393205.13
2021-09-11,17891498995.11,9733376698.61
2021-09-12,18274974826.13,10140677075.80
2021-09-13,17223367883.97,9746139900.53
2021-09-14,17663768393.09,10990543645.55
2021-09-15,18563521770.83,11765271712.76
2021-09-16,17789210758.81,11221119871.69
2021-09-17,11925160408.00,10414325859.41
2021-09-18,11935662303.29,10489057807.90
2021-09-19,11685709831.32,10189533814.24
2021-09-20,10621942427.79,8881467676.48
2021-09-21,14632563400.14,8168065034.07
2021-09-22,16329704447.53,9229528334.01
2021-09-23,16452556721.62,9217470500.25
2021-09-24,15147397989.72,8438373227.64
2021-09-25,14787949581.60,8334726061.66
2021-09-26,10839319138.02,10294246375.31
2021-09-27,10523563239.17,9590253262.34
2021-09-28,10161292646.75,9893113877.17
2021-09-29,10269481069.98,9869581600.20
2021-09-30,10683614997.75,10022550184.04
2021-10-01,11530135318.87,10946389446.06
2021-10-02,11744392786.35,11227669184.05
2021-10-03,11790859281.54,11134130217.89
2021-10-04,11716714010.38,10854878636.14
2021-10-05,12077498474.01,10982475724.00
2021-10-06,12189089822.94,10820132037.27
2021-10-07,12201031675.39,10911359503.46
2021-10-08,12388083868.25,10551837141.28
2021-10-09,12409143684.12,10790697039.62
2021-10-10,12017124507.78,10392472265.55
2021-10-11,12257536384.23,10337270624.78
2021-10-12,12191105161.18,10033172255.98
2021-10-13,12487684620.67,10558222460.37
2021-10-14,12911546237.57,11261764923.34
2021-10-15,13117850907.28,11066791983.18
2021-10-16,13080204579.70,11545738845.59
2021-10-17,13193936600.34,11153660052.23
2021-10-18,12910652388.47,10945472685.93
2021-10-19,13304555346.72,11167155927.21
2021-10-20,13993244509.47,11624849364.02
2021-10-21,13794829258.29,11164984253.59
2021-10-22,12958304715.78,10975987008.04
2021-10-23,20107717239.34,11508083833.18
2021-10-24,13045555312.97,11047944778.80
2021-10-25,20188028757.98,11417735284.30
2021-10-26,20757599609.69,11390706060.62
2021-10-27,18975986222.73,10422749296.44
2021-10-28,21188691474.55,10609424669.71
2021-10-29,22091719315.51,10898892460.04
2021-10-30,21835991355.67,10661035511.14
2021-10-31,23284743115.65,10712088064.83
2021-11-01,24442728703.19,10960936594.56
2021-11-02,28728859511.67,11195273382.14
2021-11-03,28622675065.11,11464090002.04
2021-11-04,27131989049.52,11048708337.11
2021-11-05,26325389762.02,10931343318.73
2021-11-06,27794370613.74,10773732234.40
2021-11-07,29841552553.19,10846137571.15
2021-11-08,30546050992.93,11197364031.49
2021-11-09,31570358882.34,11289576630.02
2021-11-10,30220536011.72,10811524967.22
2021-11-11,30769958607.53,10920506681.99
2021-11-12,31564829938.64,10527338184.70
2021-11-13,30971502023.47,10523057352.57
2021-11-14,25982019700.89,10519531313.66
2021-11-15,25081432149.06,10293341284.42
2021-11-16,23808480987.93,9304208624.60
2021-11-17,25297794486.91,9402862568.83
2021-11-18,23057143150.05,8607657749.55
2021-11-19,23670634293.07,9122672274.89
2021-11-20,24417182921.19,9394503637.23
2021-11-21,23382736526.57,9270195736.75
2021-11-22,22520034572.87,9023999590.74
2021-11-23,23796197698.34,9475744175.46
2021-11-24,22616191805.85,8936503527.15
2021-11-25,24241139766.98,9157845972.22
2021-11-26,22492817382.44,8224329535.37
2021-11-27,22557964330.92,8330201619.93
2021-11-28,22269854846.15,8668758921.94
2021-11-29,22090450921.68,8741257877.89
2021-11-30,22536287571.70,9075513161.04
2021-12-01,22362841115.81,8988903654.21
2021-12-02,21160094128.84,9589585352.52
2021-12-03,19894837237.64,8590670807.16
2021-12-04,20228625940.84,7417778879.86
2021-12-05,20652982720.80,7094728603.61
2021-12-06,21166500567.10,7450051971.49
2021-12-07,20285631241.42,7350387489.19
2021-12-08,20830894238.07,7970769669.16
2021-12-09,18581955863.17,6949081610.11
2021-12-10,17244347375.13,6506652288.83
2021-12-11,17869198288.67,6826940822.57
2021-12-12,17694847122.30,6892240665.56
2021-12-13,16818228265.22,6081501245.98
2021-12-14,16622835455.74,6419929810.63
2021-12-15,17476190654.56,6538144495.57
2021-12-16,17028285359.90,6190515492.55
2021-12-17,16617282132.03,6415580377.73
2021-12-18,16848019837.47,6691731501.40
2021-12-19,16898297863.75,6426056205.19
2021-12-20,16786255692.93,6232468210.00
2021-12-21,16870004029.14,6442189933.69
2021-12-22,10695172666.76,6980401930.78
2021-12-23,10959525435.96,7790590311.32
2021-12-24,10818852418.28,7476564058.05
2021-12-25,10966832265.84,7489619301.26
2021-12-26,10963061696.35,7971860952.81
2021-12-27,10943687095.79,8218666777.90
2021-12-28,10466032305.97,7940143625.21
2021-12-29,10179610273.58,7290415280.66
2021-12-30,10309554644.99,7614842668.37
2021-12-31,10284619414.66,7301534934.36
2022-01-01,10445739093.65,7434245455.65
2022-01-02,10649461293.66,7865653834.67
2022-01-03,10560875331.95,7914475985.22
2022-01-04,10582710402.10,7849476322.51
2022-01-05,10039863416.39,7387627378.40
2022-01-06,9866523820.92,7325994811.97
2022-01-07,9240408918.69,6772196484.53
2022-01-08,9085801312.04,6407252189.09
2022-01-09,9239321856.83,6759495416.85
2022-01-10,9107036296.69,6522243444.03
2022-01-11,9486064427.37,6824694764.86
2022-01-12,9677846521.15,6975104597.60
2022-01-13,9442347828.05,6632463611.27
2022-01-14,9688651045.75,6771060854.97
2022-01-15,9669276819.23,7047548833.51
2022-01-16,9749755398.91,7636178753.83
2022-01-17,9421176515.72,7131737153.07
2022-01-18,9454878943.28,6897639540.69
2022-01-19,9315398129.11,6532653015.68
2022-01-20,9130869882.09,6188058877.95
2022-01-21,7981401161.99,5409948028.52
2022-01-22,7507358963.89,4777986236.88
2022-01-23,7753680846.57,4907249205.76
2022-01-24,7514649258.86,4591239552.43
2022-01-25,7632781086.86,4563551640.57
2022-01-26,7611340404.90,4537698608.33
2022-01-27,7649984450.86,4437740826.56
2022-01-28,7914752324.56,4558985552.06
2022-01-29,8085110710.20,4763050140.94
2022-01-30,8063606725.22,4647723099.87
2022-01-31,8211236926.23,5068150032.47
2022-02-01,8429463894.84,4799300756.03
2022-02-02,8234209876.73,4521295292.58
2022-02-03,8268760349.86,4458537304.26
2022-02-04,8724765081.63,4731476872.82
2022-02-05,9024469184.17,4842188331.06
2022-02-06,9185917858.49,5004875785.91
2022-02-07,9500169478.41,5305739794.78
2022-02-08,9468691905.84,5104272445.60
2022-02-09,9756784538.47,5287560230.21
2022-02-10,9392215354.37,4909957211.77
2022-02-11,9023942438.49,4562939335.90
2022-02-12,9040977567.73,4572552334.42
2022-02-13,8995662907.15,4438900044.08
2022-02-14,9092132487.89,4546833000.54
2022-02-15,9613864998.32,4928465298.35
2022-02-16,9607636300.04,4828620802.70
2022-02-17,9280025460.37,4444047484.59
2022-02-18,9042688820.20,4351817808.73
2022-02-19,8871253807.49,4301219366.28
2022-02-20,8575072826.89,4031086167.14
2022-02-21,8411945696.56,3681618597.51
2022-02-22,8424068178.78,3796347476.08
2022-02-23,8301931122.55,3774692542.38
2022-02-24,8309313989.18,3769679367.77
2022-02-25,8570231649.39,3951624430.70
2022-02-26,8350744195.37,3871567936.61
2022-02-27,7935596397.38,4186364838.07
2022-02-28,7733149032.90,4493422578.00
2022-03-01,7925029971.49,4413924733.10
2022-03-02,7923343625.83,4311154314.54
2022-03-03,7819448426.62,4102134904.91
2022-03-04,7442370080.77,3782749243.21
2022-03-05,7539072133.73,3864411326.10
2022-03-06,7247393212.52,3628418280.08
2022-03-07,7138969424.05,3566089585.17
2022-03-08,7322469023.60,3779876432.67
2022-03-09,7600483805.97,3941782639.29
2022-03-10,7456617966.49,3724490077.15
2022-03-11,7386925751.47,3673257812.79
2022-03-12,7410179930.43,3621413598.47
2022-03-13,7268106689.71,3514486022.86
2022-03-14,7376863054.92,3630314504.88
2022-03-15,7371426265.52,3726032840.32
2022-03-16,7641048845.50,3894983605.13
2022-03-17,7667545738.02,3952165532.59
2022-03-18,7853040896.04,4137869142.85
2022-03-19,7924534285.27,4164022966.57
2022-03-20,7765063100.29,4002992502.97
2022-03-21,7793628584.95,3987884441.55
2022-03-22,8090944495.35,4183326378.47
2022-03-23,8224853698.02,4281567054.87
2022-03-24,7986880100.10,4598013016.02
2022-03-25,7995011891.51,4557617943.49
2022-03-26,8077594111.43,4544779082.28
2022-03-27,8318831993.06,4879842464.91
2022-03-28,8365292682.56,4676386967.68
2022-03-29,8520429998.56,4812392908.66
2022-03-30,8552370047.38,5014803119.52
2022-03-31,8387353832.60,4818077483.21
2022-04-01,8704092027.60,4973318763.36
2022-04-02,8706468330.33,4998363738.92
2022-04-03,8865618602.51,5075931281.63
2022-04-04,8828485915.88,4926381616.24
2022-04-05,8701309499.53,4745841853.79
2022-04-06,8349182383.68,4265897347.84
2022-04-07,8507346788.43,4480067026.40
2022-04-08,8441527968.32,4160468249.11
2022-04-09,8575208926.16,4304212343.35
2022-04-10,8418907265.69,4231693958.45
2022-04-11,7955212825.68,3854296669.89
2022-04-12,8084894439.36,3979579620.28
2022-04-13,8230907068.88,4143944474.00
2022-04-14,8093731029.44,4053336866.89
2022-04-15,8188957191.10,4180258938.18
2022-04-16,8164862381.94,4130153102.73
2022-04-17,7853953968.46,3969202336.17
2022-04-18,7924770583.09,4003614505.31
2022-04-19,8136354912.34,4079629231.08
2022-04-20,8177016365.86,3995038209.71
2022-04-21,8017694242.95,3791071888.32
2022-04-22,7927542380.75,3819595385.27
2022-04-23,7893776301.47,3837686790.83
2022-04-24,7858149065.71,3738110481.58
2022-04-25,8013929962.84,3732102566.86
2022-04-26,7705058895.38,3431505250.95
2022-04-27,7869500170.22,3514125500.51
2022-04-28,7896101773.14,3489504643.86
2022-04-29,7666944771.15,3253938014.30
2022-04-30,7377037691.44,2904085621.42
2022-05-01,7587949711.44,3047312891.24
2022-05-02,7563473172.68,2967812244.22
2022-05-03,7307535182.70,2932104859.00
2022-05-04,7681977480.11,3399668007.87
2022-05-05,7254874171.22,3134421506.05
2022-05-06,7215611036.55,3253163500.40
2022-05-07,7147892114.73,3073172342.21
2022-05-08,6960771664.13,3049570253.35
2022-05-09,6213332136.12,2526814522.35
2022-05-10,6360613551.88,2600423041.55
2022-05-11,5835856027.12,2082880712.41
2022-05-12,5262593970.37,1999259603.32
2022-05-13,5555657343.14,2208187900.83
2022-05-14,5617734725.51,2215401683.24
2022-05-15,5753465585.58,2330468421.05
2022-05-16,5591061980.25,2161788090.41
2022-05-17,5709295122.40,2336586967.13
2022-05-18,5421944232.53,2087409653.58
2022-05-19,5700699814.17,2216780451.11
2022-05-20,5719018344.60,2187019180.84
2022-05-21,5750426105.15,2242460678.04
2022-05-22,5877547410.80,2356664747.32
2022-05-23,5724904154.52,2399133657.71
2022-05-24,5847336374.25,2400653527.99
2022-05-25,5793131283.61,2399948646.12
2022-05-26,5541105790.25,2114514189.86
2022-05-27,5397563300.11,1998880012.36
2022-05-28,5568669538.15,2131550011.41
2022-05-29,5529993268.14,2112413204.33
2022-05-30,5797529347.68,2415890820.43
2022-05-31,5770254543.00,2434646575.18
2022-06-01,5546297593.63,2196760860.81
2022-06-02,5635348916.99,2271928424.32
2022-06-03,5564430000.35,2167884721.72
2022-06-04,5613809063.83,2200120745.62
2022-06-05,5652793881.40,2178730746.51
2022-06-06,5821279654.76,2297210957.81
2022-06-07,5806380107.50,2245297852.91
2022-06-08,5856750983.46,2180543719.61
2022-06-09,5835189119.71,2221490959.25
2022-06-10,5658774389.93,2058600999.57
2022-06-11,5328937168.43,1873196323.78
2022-06-12,5106690762.66,1738870526.31
2022-06-13,4679034745.94,1563481680.52
2022-06-14,4612405389.33,1661397933.74
2022-06-15,4656421308.29,1893231838.66
2022-06-16,4559563205.29,1631752817.10
2022-06-17,4675351962.83,1687598098.90
2022-06-18,4412630975.46,1564573829.11
2022-06-19,4621486089.14,1795857054.01
2022-06-20,4690260008.28,1839790876.61
2022-06-21,4700907721.11,2037606756.85
2022-06-22,4615152062.27,2138908997.29
2022-06-23,4833936908.04,2405291711.22
2022-06-24,4989123452.84,2341150971.65
2022-06-25,5033946326.20,2417794494.97
2022-06-26,4957404201.98,2398658781.38
2022-06-27,4916256372.39,2274064651.55
2022-06-28,4856286983.08,2094715229.62
2022-06-29,4752363825.53,2178922481.57
2022-06-30,4682480306.05,2132210578.30
2022-07-01,4719673183.11,2070064844.05
2022-07-02,4702080846.62,2104339218.58
2022-07-03,4754175496.34,2095474689.20
2022-07-04,4895542920.49,2279465755.66
2022-07-05,4899583733.24,2265019976.64
2022-07-06,4985815158.68,2297555123.59
2022-07-07,5061575901.89,2458070721.19
2022-07-08,5018707405.37,2469460019.68
2022-07-09,5076908968.00,2772831265.95
2022-07-10,4860073864.43,2666236030.61
2022-07-11,4711454135.83,2385182867.34
2022-07-12,4609770176.05,2370754595.42
2022-07-13,4719859099.29,2618849088.14
2022-07-14,4842711054.72,2996733468.85
2022-07-15,4917658584.26,2903099762.79
2022-07-16,5122914389.76,3148720455.30
2022-07-17,5231981166.06,2971698750.49
2022-07-18,5704918917.72,3138903230.50
2022-07-19,5673602989.91,3146241590.32
2022-07-20,5561060662.60,2933197963.76
2022-07-21,5573502670.37,3083616192.86
2022-07-22,5670875920.13,2952346919.98
2022-07-23,5791451103.39,2991710609.15
2022-07-24,5818050566.86,3083674904.34
2022-07-25,5603855708.45,3024821522.56
2022-07-26,6699867247.44,2853442743.08
2022-07-27,5996542305.68,3443904402.14
2022-07-28,6109918156.89,3964449415.75
2022-07-29,6132962403.81,3868383816.39
2022-07-30,6121844411.00,3742452445.69
2022-07-31,6101548787.78,3581674038.59
2022-08-01,6056678117.43,3569481262.60
2022-08-02,5916920318.28,3539564573.87
2022-08-03,5933837848.12,3830340979.07
2022-08-04,5961069935.42,3770870141.77
2022-08-05,6216299662.23,3844770986.91
2022-08-06,6163704375.93,3745113945.57
2022-08-07,6173320089.12,3764892890.43
2022-08-08,6128201500.40,3765645987.34
2022-08-09,6025465557.59,3621963319.90
2022-08-10,6282099198.18,3925853530.78
2022-08-11,6247076891.59,3830457855.92
2022-08-12,6151683806.94,3941090225.14
2022-08-13,6007910848.97,3852109238.55
2022-08-14,5858279700.77,3803375468.48
2022-08-15,5773474462.77,3605699637.99
2022-08-16,5733879370.27,3561457735.50
2022-08-17,5666613228.32,3391440493.59
2022-08-18,5643480857.10,3253903462.01
2022-08-19,5297989252.54,2947512397.49
2022-08-20,5220808386.68,2991427907.73
2022-08-21,5302144916.62,3090835700.30
2022-08-22,5147763736.89,2993141294.12
2022-08-23,5193418650.61,3050075874.13
2022-08-24,5166890158.00,3020813217.93
2022-08-25,5245527456.69,3001677383.40
2022-08-26,5011687140.05,2589067774.19
2022-08-27,4994317228.13,2559918601.92
2022-08-28,4877700808.06,2416499016.72
2022-08-29,5130158854.91,2684136676.09
2022-08-30,5107893819.12,2598437158.74
2022-08-31,5099162571.97,2599373019.12
2022-09-01,5194338448.25,2672422063.96
2022-09-02,5175259881.54,2698273596.77
2022-09-03,5172395670.00,2666776038.10
2022-09-04,5123496544.47,2730521248.45
2022-09-05,5101171574.91,2794929447.99
2022-09-06,4932711291.04,2468736258.86
2022-09-07,4958439942.37,2591626578.84
2022-09-08,4976045421.32,2606480342.13
2022-09-09,5080104289.39,2746549268.32
2022-09-10,5142073400.74,2827323595.19
2022-09-11,4943733769.43,2748386850.33
2022-09-12,4967725941.58,2814339280.62
2022-09-13,4723743690.62,2550402018.21
2022-09-14,4657586752.40,2618631066.40
2022-09-15,4567268415.87,2479612723.42
2022-09-16,4582899099.39,2453933105.83
2022-09-17,4664157027.42,2544291466.59
2022-09-18,4494794620.76,2315126355.12
2022-09-19,4588954856.43,2314929482.53
2022-09-20,4538821552.07,2239398633.05
2022-09-21,4394763741.06,2262463495.98
2022-09-22,4604860067.57,2423650143.35
2022-09-23,4639772504.88,2504393008.46
2022-09-24,4640012675.43,2454269564.78
2022-09-25,4602225279.63,2394768960.26
2022-09-26,4674641389.47,2504180062.16
2022-09-27,4693798915.11,2697112509.81
2022-09-28,4695528414.47,2766487141.82
2022-09-29,4751954363.86,2695994461.35
2022-09-30,4745752874.86,2721969637.81
2022-10-01,4728548082.50,2706639136.97
2022-10-02,4628436848.16,2641999112.85
2022-10-03,4670421905.21,2812561343.17
2022-10-04,4732034288.75,2818378919.99
2022-10-05,4615161849.23,2873451437.05
2022-10-06,4602875183.39,2911613610.67
2022-10-07,4596690814.98,2861973020.65
2022-10-08,4571378693.23,2752938573.98
2022-10-09,4582493966.43,2806476673.78
2022-10-10,4504236171.19,2702091480.68
2022-10-11,4511444447.55,2532175810.02
2022-10-12,4444103730.44,2563695920.06
2022-10-13,4140432821.59,2595865740.63
2022-10-14,4155669408.47,2661070900.19
2022-10-15,4158125554.33,2556204624.10
2022-10-16,4211645480.32,2581013149.11
2022-10-17,4351344621.64,2706586444.98
2022-10-18,4324588503.89,2766846914.93
2022-10-19,4160200353.80,2780615508.08
2022-10-20,4150142277.24,2568495695.10
2022-10-21,4156312547.99,2545727281.70
2022-10-22,4182833785.47,2567031629.38
2022-10-23,4257162135.21,2654834550.96
2022-10-24,4236843221.38,2598334707.01
2022-10-25,4361602574.42,2775147814.71
2022-10-26,4487671861.33,2836093457.70
2022-10-27,4412452663.60,2878035330.09
2022-10-28,4426944465.06,2897202510.87
2022-10-29,4481530431.45,2989329714.60
2022-10-30,4522080732.25,2917945640.67
2022-10-31,4482341928.64,2946258457.79
2022-11-01,4493588120.65,3016352566.39
2022-11-02,4392452788.91,2996520929.36
2022-11-03,4424159243.09,2930465930.98
2022-11-04,5109217844.42,3178888754.97
2022-11-05,5105365559.02,3248350326.81
2022-11-06,4740771082.78,2997244558.23
2022-11-07,4788565132.99,2961979587.81
2022-11-08,4374072757.86,2567222708.42
2022-11-09,3888883505.14,2078734939.96
2022-11-10,4215046018.41,2430356115.32
2022-11-11,4105269477.30,2565476342.12
2022-11-12,4040239005.50,2344483638.57
2022-11-13,3989900952.16,2450729004.75
2022-11-14,4103623410.26,2557204285.98
2022-11-15,4012262096.60,2658645941.62
2022-11-16,3977110637.19,2518661298.04
2022-11-17,3942362116.67,2426739797.67
2022-11-18,3967399057.24,2466128947.29
2022-11-19,3962497121.62,2429650512.96
2022-11-20,3860350005.10,2290793989.05
2022-11-21,3799164897.92,2188894954.29
2022-11-22,3903941105.14,2241685419.20
2022-11-23,3712886580.82,2320744903.99
2022-11-24,3745920632.81,2295494634.70
2022-11-25,3734675401.68,2289092717.82
2022-11-26,3723606706.47,2285476696.77
2022-11-27,3590575231.45,2286224104.69
2022-11-28,3582744980.23,2228831187.21
2022-11-29,3639548372.42,2310811466.81
2022-11-30,3571546442.72,2480245372.76
2022-12-01,3549446215.76,2487814764.99
2022-12-02,3578239670.35,2681829198.90
2022-12-03,3517168785.39,2570345067.78
2022-12-04,3576156534.26,2644256807.07
2022-12-05,3544239448.56,2605260702.79
2022-12-06,3608177146.09,2608454848.87
2022-12-07,3561682459.46,2541909813.49
2022-12-08,3669516100.40,2607397138.06
2022-12-09,3638038395.69,2593864777.14
2022-12-10,3631500358.43,2564005109.15
2022-12-11,3641837831.48,2511593758.18
2022-12-12,3661159219.75,2503264721.61
2022-12-13,3710889813.71,2567823600.41
2022-12-14,3700669077.16,2505865107.11
2022-12-15,3612946814.75,2452193954.77
2022-12-16,3445935713.91,2245007285.64
2022-12-17,3444046356.45,2280237358.76
2022-12-18,3443695828.26,2253106558.40
2022-12-19,3403517729.96,2151581681.22
2022-12-20,3477126317.39,2258987776.60
2022-12-21,3505576070.13,2240414997.72
2022-12-22,3548371272.81,2255578024.40
2022-12-23,3557629699.47,2220200060.62
2022-12-24,3567856933.48,2200096915.71
2022-12-25,3556602690.28,2170996146.49
2022-12-26,3492996068.60,2203401352.85
2022-12-27,3476109224.10,2185867100.84
2022-12-28,3435734170.97,2102507398.53
2022-12-29,3439776701.88,2133012835.34
2022-12-30,3426450396.85,2152235968.01
2022-12-31,3377490889.19,2176229196.27
2023-01-01,3393003131.78,2214151866.64
2023-01-02,3398277594.48,2266622720.23
2023-01-03,3453605649.34,2271489452.97
2023-01-04,3497296351.99,2322799633.79
2023-01-05,3510391026.16,2267081089.28
2023-01-06,3524862437.62,2326666817.99
2023-01-07,3483625015.78,2288042192.24
2023-01-08,3522755367.13,2357977010.37
2023-01-09,3530028671.27,2441402177.57
2023-01-10,3545747963.11,2436676474.72
2023-01-11,3628718703.64,2502597809.95
2023-01-12,3812450110.81,2601315715.38
2023-01-13,3827667603.33,2661811202.41
2023-01-14,3806430486.30,2794642054.99
2023-01-15,3881410092.63,2789923734.31
2023-01-16,3958613305.50,2768855828.17
2023-01-17,4001283053.87,2684895270.47
2023-01-18,3935250427.15,2549105124.64
2023-01-19,3935100348.35,2600745494.09
2023-01-20,4085762959.07,2811932876.51
2023-01-21,4500118662.57,2821139274.67
2023-01-22,4666341079.12,2926315117.32
2023-01-23,4721948683.34,2839006037.49
2023-01-24,3958927282.38,2663674304.15
2023-01-25,4039803199.67,2807054931.21
2023-01-26,4034635962.86,2858156765.52
2023-01-27,4032118338.80,2891667290.55
2023-01-28,4011926594.28,2798972353.62
2023-01-29,4118948131.05,2936856978.03
2023-01-30,4005437485.18,2742594824.40
2023-01-31,4051005072.04,2780463931.02
2023-02-01,4183301202.51,2877091617.78
2023-02-02,4139369284.00,3003922296.96
2023-02-03,4373498881.93,2983408411.95
2023-02-04,4300291167.92,3048693682.01
2023-02-05,4178679303.75,2911878294.77
2023-02-06,4396554749.35,2810382458.47
2023-02-07,4510581764.06,2949811402.91
2023-02-08,4242143887.32,2865042439.47
2023-02-09,4134142651.98,2664071388.43
2023-02-10,4098434606.10,2682817751.87
2023-02-11,4152167440.75,2745218312.05
2023-02-12,4124299512.13,2684674679.94
2023-02-13,4093863535.18,2653562674.88
2023-02-14,4678788079.29,2779490108.89
2023-02-15,4364629355.70,2934385229.25
2023-02-16,4342875313.85,2743785019.71
2023-02-17,4387490692.98,2837898715.79
2023-02-18,4439592674.79,2958066465.88
2023-02-19,4434316992.52,3046751771.45
2023-02-20,4497540799.64,3101722408.19
2023-02-21,4425039875.08,2966522717.71
2023-02-22,4411852978.16,2933314934.17
2023-02-23,4445701973.76,2923510856.66
2023-02-24,4368654509.85,2767859886.40
2023-02-25,4342014747.33,2726968862.38
2023-02-26,4426142210.18,2791725850.11
2023-02-27,4417718319.04,2723051323.73
2023-02-28,4379469761.64,2737584285.57
2023-03-01,4478093378.24,2891506696.49
2023-03-02,4432020294.19,2801348340.78
2023-03-03,4247109343.26,2646508100.47
2023-03-04,4259831618.56,2592796444.19
2023-03-05,4275676582.50,2684599719.41
2023-03-06,4275705328.88,2680705148.98
2023-03-07,4189234672.39,2711861241.17
2023-03-08,4095422278.70,2574547715.49
2023-03-09,3922792015.73,2421305979.38
2023-03-10,3888330756.38,2383740517.18
2023-03-11,3608863438.23,2319355256.21
2023-03-12,3818873014.64,2508358683.99
2023-03-13,3889457099.77,2585765926.76
2023-03-14,3912856886.31,2675432145.94
2023-03-15,3885927044.76,2497922105.98
2023-03-16,3888792987.37,2506027993.78
2023-03-17,4414807798.01,2718916901.47
2023-03-18,4377436962.21,2743678679.61
2023-03-19,4434093044.97,2744987561.57
2023-03-20,4397812795.02,2618236156.66
2023-03-21,4690592376.38,2723184085.34
2023-03-22,4538255866.11,2568975511.62
2023-03-23,4757511818.70,2635111103.64
2023-03-24,4640282336.91,2486777773.22
2023-03-25,4619899673.37,2422938629.21
2023-03-26,4643137856.44,2452493486.01
2023-03-27,4953370760.01,2379989242.53
2023-03-28,5510116305.93,2458962336.13
2023-03-29,5541391458.95,2510682703.66
2023-03-30,5612853226.34,2495924578.34
2023-03-31,5603382734.98,2565010545.75
2023-04-01,5605925321.22,2570189179.38
2023-04-02,5626615926.59,2513918396.90
2023-04-03,4799347934.06,2505978573.16
2023-04-04,4911735866.11,2607113285.19
2023-04-05,4870454071.01,2630339679.61
2023-04-06,4830655443.40,2570873800.18
2023-04-07,4882411474.12,2539530733.02
2023-04-08,4855503711.19,2498670941.97
2023-04-09,4939487397.30,2495318345.18
2023-04-10,5008881817.25,2544867938.05
2023-04-11,4963188246.74,2514929870.02
2023-04-12,5111592619.02,2510878257.02
2023-04-13,5269331871.06,2616422344.43
2023-04-14,5400315016.06,2658416629.19
2023-04-15,5379218193.02,2647410368.21
2023-04-16,5717763854.75,2671986333.24
2023-04-17,5644728517.77,2588666387.40
2023-04-18,5734485807.49,2682700947.12
2023-04-19,5383859281.00,2453186281.91
2023-04-20,5431617046.24,2442886188.27
2023-04-21,5262388642.10,2305781527.80
2023-04-22,5315516278.37,2326557335.29
2023-04-23,4561170105.92,2289681664.82
2023-04-24,4499567016.07,2272568369.30
2023-04-25,4633462495.83,2296149726.41
2023-04-26,4637737107.40,2255821823.33
2023-04-27,4682321881.91,2347645075.92
2023-04-28,4684590596.27,2329779931.84
2023-04-29,4700392294.60,2370351912.32
2023-04-30,4644671029.19,2297669561.73
2023-05-01,4567139350.52,2251720557.44
2023-05-02,4652933046.61,2255893118.63
2023-05-03,4707040174.32,2265467229.65
2023-05-04,4664888002.96,2221304760.13
2023-05-05,4847989611.97,2346468641.21
2023-05-06,4701182958.90,2250267019.98
2023-05-07,4677504172.57,2218299652.66
2023-05-08,4548017670.25,2096116401.05
2023-05-09,4565163124.33,2093078104.29
2023-05-10,4481949623.03,2175453656.07
2023-05-11,4408945319.16,2137127012.13
2023-05-12,4465335227.86,2190194794.54
2023-05-13,4467194758.04,2154498115.08
2023-05-14,4473906993.67,2167538793.29
2023-05-15,4526926370.76,2167378570.77
2023-05-16,4615603962.03,2165553000.85
2023-05-17,4646717717.32,2252817771.00
2023-05-18,4622881000.54,2236097404.20
2023-05-19,4641047331.97,2248611650.31
2023-05-20,4655275580.31,2230440230.34
2023-05-21,4649988635.99,2164568088.48
2023-05-22,4565967292.97,2148451912.14
2023-05-23,4631819050.80,2143731385.22
2023-05-24,4526693569.05,2100094477.00
2023-05-25,4544054231.59,2095116763.76
2023-05-26,4577577074.37,2112461091.03
2023-05-27,4570753038.49,2133928034.12
2023-05-28,4706935121.87,2179589190.80
2023-05-29,4643190077.17,2163752737.52
2023-05-30,4650694539.19,2173885592.77
2023-05-31,4614461348.68,2126042403.11
2023-06-01,4557815401.08,2104498657.86
2023-06-02,4645328406.29,2146765853.54
2023-06-03,4627032531.69,2138891875.11
2023-06-04,4628886024.68,2115125504.61
2023-06-05,4444434835.19,2001320965.92
2023-06-06,4563513894.46,2020197724.95
2023-06-07,4447914502.14,1916138397.14
2023-06-08,4471054167.90,1954938210.76
2023-06-09,4471139398.97,1944858408.23
2023-06-10,4214387009.16,1727906136.41
2023-06-11,4223688742.96,1706751954.37
2023-06-12,4204634521.58,1813340183.00
2023-06-13,4198604456.17,1803914136.07
2023-06-14,3789816883.94,1865197573.56
2023-06-15,3787202678.56,1876409935.01
2023-06-16,3867995975.33,1922058453.20
2023-06-17,3908976059.16,1913724756.35
2023-06-18,3891343180.77,1891370187.57
2023-06-19,3925842522.45,1898445254.70
2023-06-20,4023462987.33,1928659254.71
2023-06-21,4448555487.12,2028114905.08
2023-06-22,4137638804.59,1999800327.16
2023-06-23,4139231028.21,2050486298.57
2023-06-24,4095290353.84,1996992270.04
2023-06-25,4417509532.85,2295880236.29
2023-06-26,4344351518.95,2226377873.25
2023-06-27,4404432350.99,2231148396.09
2023-06-28,4292465751.12,2042298449.01
2023-06-29,4337168231.48,2079740857.04
2023-06-30,4459415494.78,2232579666.94
2023-07-01,4468479027.05,2353044225.71
2023-07-02,4480538749.70,2355374249.20
2023-07-03,4517535060.14,2327649326.75
2023-07-04,4505075237.47,2330777788.86
2023-07-05,4476139245.92,2285587621.40
2023-07-06,4378639346.86,2241530053.15
2023-07-07,4431454228.43,2314512735.63
2023-07-08,4420676190.87,2211997296.44
2023-07-09,4428607868.20,2209817812.90
2023-07-10,4463157061.38,2216117228.19
2023-07-11,4469268897.77,2220367316.92
2023-07-12,4464584072.81,2221362016.27
2023-07-13,4363981195.70,2472015780.98
2023-07-14,4279470057.90,2471687364.32
2023-07-15,4281478684.45,2446681064.99
2023-07-16,4252902487.94,2414353017.80
2023-07-17,4264103023.19,2500486912.24
2023-07-18,4228142776.32,2486728753.47
2023-07-19,4237880924.13,2485875246.17
2023-07-20,4252417692.80,2536604607.79
2023-07-21,4260939203.08,2627028122.72
2023-07-22,4232114227.62,2532010283.88
2023-07-23,4276495908.11,2598981009.78
2023-07-24,4185841244.61,2445081169.08
2023-07-25,4188586488.92,2437934277.42
2023-07-26,4225006700.71,2465062478.03
2023-07-27,4218669484.41,2471495147.74
2023-07-28,4236243331.77,2530869013.92
2023-07-29,4224766325.73,2671993367.20
2023-07-30,4180867923.92,2709121438.20
2023-07-31,4173270710.54,2757479134.90
2023-08-01,4031726252.67,2821973476.89
2023-08-02,3985546660.79,2603038389.42
2023-08-03,3956375093.67,2581108515.07
2023-08-04,4036135908.07,2555214736.28
2023-08-05,4051067580.70,2563918319.66
2023-08-06,4041530923.17,2515757695.77
2023-08-07,4045587640.99,2472333695.35
2023-08-08,4110117481.90,2565980510.80
2023-08-09,4098471971.75,2642536607.19
2023-08-10,4094050992.89,2619289256.28
2023-08-11,4160706125.04,2608584703.79
2023-08-12,4173496812.50,2619136109.13
2023-08-13,4159703359.34,2576921375.23
2023-08-14,4168064154.98,2651431500.26
2023-08-15,4142919765.55,2513002268.48
2023-08-16,4074892810.98,2295452272.62
2023-08-17,3801160386.70,2109578946.82
2023-08-18,3758793147.30,2078927944.29
2023-08-19,3807211149.81,2068195823.73
2023-08-20,3811690182.15,2074331804.43
2023-08-21,3814977283.16,2022743269.05
2023-08-22,3758430848.68,1974501218.93
2023-08-23,3859373718.63,2012169215.81
2023-08-24,3821586424.96,1968626585.62
2023-08-25,3805519999.92,1914029234.31
2023-08-26,3809678779.33,1946897630.59
2023-08-27,3772274811.88,1980307668.86
2023-08-28,3761688096.33,1978301326.92
2023-08-29,3864369532.65,2031483983.44
2023-08-30,3825192935.37,1966972476.88
2023-08-31,3715249793.68,1842582550.68
2023-09-01,3688230812.17,1803299378.16
2023-09-02,3702219307.02,1851402062.65
2023-09-03,3701606573.34,1859964354.61
2023-09-04,3688786167.31,1871254720.37
2023-09-05,3689815130.53,1846004852.28
2023-09-06,3711057352.79,1878759657.20
2023-09-07,3747531794.55,1893353325.25
2023-09-08,3706214817.17,1851307002.21
2023-09-09,3700278287.05,1832602096.53
2023-09-10,3659729383.65,1781707475.71
2023-09-11,3528360124.27,1729289533.46
2023-09-12,3605783052.82,1776190128.45
2023-09-13,3638807525.52,1801483327.26
2023-09-14,3690630161.18,1806921960.15
2023-09-15,3725865547.66,1834263791.59
2023-09-16,3731667093.47,1833404029.90
2023-09-17,3677296656.61,1805731770.26
2023-09-18,3674975230.56,1846564297.60
2023-09-19,3684260259.29,1861518851.73
2023-09-20,3659522316.74,1845381822.82
2023-09-21,3587821484.68,1789476046.74
2023-09-22,3601902652.37,1795297286.07
2023-09-23,3597705350.84,1801928839.70
2023-09-24,3564302570.87,1786918788.28
2023-09-25,3579185145.60,1804050558.93
2023-09-26,3569523740.74,1793385446.74
2023-09-27,3566206054.61,1789329181.67
2023-09-28,3643450768.24,1865915887.62
2023-09-29,3645159795.56,1854056698.10
2023-09-30,3638057702.79,1883366297.37
2023-10-01,3706299508.35,1967428019.71
2023-10-02,3636838291.48,1888088337.92
2023-10-03,3618785660.95,1842509368.93
2023-10-04,3607316052.99,1823934071.20
2023-10-05,3542709657.19,1816889827.23
2023-10-06,3604051186.23,1855682993.74
2023-10-07,3580957421.31,1843547469.57
2023-10-08,3578183194.99,1837474387.27
2023-10-09,3477976620.25,1747526781.19
2023-10-10,3614774078.53,1734592446.78
2023-10-11,3599746568.58,1736187165.87
2023-10-12,3580370681.06,1685995220.33
2023-10-13,3578383835.56,1706153306.22
2023-10-14,3594588252.49,1727871791.50
2023-10-15,3602390332.41,1737043261.44
2023-10-16,3659865561.56,1748150250.02
2023-10-17,3600282321.28,1641426037.76
2023-10-18,3602908664.78,1659650461.67
2023-10-19,3613742776.71,1659864466.23
2023-10-20,3655866561.20,1644468028.33
2023-10-21,3716423015.47,1704861491.90
2023-10-22,3764188935.18,1726283992.28
2023-10-23,3910941256.60,1801181912.83
2023-10-24,3908570808.22,1733323498.37
2023-10-25,3917611486.83,1714001480.86
2023-10-26,3939080017.25,1692724100.31
2023-10-27,3918330124.65,1655906477.24
2023-10-28,3822321732.88,1680272130.67
2023-10-29,3851236421.01,1714130498.29
2023-10-30,4022495581.26,1715652611.98
2023-10-31,3928847166.42,1707129359.71
2023-11-01,3977099337.74,1967798594.29
2023-11-02,3875256263.63,1934292159.26
2023-11-03,3855592888.80,1917959898.93
2023-11-04,3814238279.18,1944534056.62
2023-11-05,3849007426.95,1973887679.13
2023-11-06,3718424727.25,2106487827.47
2023-11-07,3742927331.20,2030232138.05
2023-11-08,3822980393.61,2133936248.64
2023-11-09,4064858839.77,2110141259.02
2023-11-10,4050900217.86,2180371760.42
2023-11-11,4038502249.46,2223167369.80
2023-11-12,4028410825.27,2225210943.02
2023-11-13,3978256691.27,2160301104.84
2023-11-14,3895523509.94,2078161903.48
2023-11-15,4094097787.11,2214479183.78
2023-11-16,3960683092.68,2140460243.21
2023-11-17,3950877674.82,2099429561.57
2023-11-18,3896173149.44,2085566408.86
2023-11-19,4038678893.18,2155260287.53
2023-11-20,4007014201.35,2133913765.98
2023-11-21,3823824055.36,2010354214.46
2023-11-22,4152063190.59,2519964966.26
2023-11-23,4098145695.10,2615513003.76
2023-11-24,4126438839.50,2538553592.42
2023-11-25,4133888724.04,2521387705.32
2023-11-26,4145022392.66,2538329409.81
2023-11-27,4095023126.00,2591275297.76
2023-11-28,4075111023.67,2529416594.65
2023-11-29,4059422347.82,2485444890.28
2023-11-30,4156579920.49,2449238738.64
2023-12-01,4231237721.44,2477447298.97
2023-12-02,4327441015.25,2533102623.36
2023-12-03,4300072074.90,2503213500.52
2023-12-04,4350318821.37,2498931799.51
2023-12-05,4433091584.73,2574808728.87
2023-12-06,4341097600.06,2475044654.36
2023-12-07,4510599541.74,2581610639.04
2023-12-08,4582534228.18,2689036893.80
2023-12-09,4564961435.20,2811317760.96
2023-12-10,4570078280.90,2715384933.79
2023-12-11,4391028282.87,2515501632.87
2023-12-12,4392872402.43,2561887587.49
2023-12-13,4488078110.84,2597502973.69
2023-12-14,4563590946.41,2613868428.06
2023-12-15,4434060782.00,2419325761.13
2023-12-16,4426349569.46,2470550361.76
2023-12-17,4388506237.62,2440568674.23
2023-12-18,4401670216.79,2381172484.92
2023-12-19,4314644786.36,2344935378.11
2023-12-20,4338857621.83,2381345045.67
2023-12-21,4385489089.15,2484637151.31
2023-12-22,4525115726.03,2576988906.62
2023-12-23,4494755569.57,2544744941.08
2023-12-24,4443210333.06,2754748273.34
2023-12-25,4445532180.78,2795622347.84
2023-12-26,4443163036.86,2945378485.55
2023-12-27,4655193685.61,2916423750.44
2023-12-28,4526675814.80,3147055241.85
2023-12-29,4482367282.63,3026650497.21
2023-12-30,4490764560.57,2970058599.62
2023-12-31,4466426661.66,2903308323.36
2024-01-01,5257480869.86,3057126201.20
2024-01-02,5737414901.66,2883936619.58
2024-01-03,5494548333.98,2576969928.85
2024-01-04,5633860706.42,2626465953.06
2024-01-05,5578771405.57,2575338134.92
2024-01-06,5481471356.82,2539220500.60
2024-01-07,5407784726.28,2402627382.94
2024-01-08,5720051243.08,2504525608.36
2024-01-09,5699278057.56,2410765676.22
2024-01-10,5993908238.83,2644401830.78
2024-01-11,6014582069.64,2731639318.52
2024-01-12,5885069704.79,2650015656.30
2024-01-13,5987558146.93,2676023391.67
2024-01-14,5878242132.79,2544863625.41
2024-01-15,5434694230.65,2677308618.97
2024-01-16,5007149256.57,2756027706.66
2024-01-17,4918888355.50,2705672401.02
2024-01-18,4812112847.93,2543168825.16
2024-01-19,4866454666.08,2547709820.86
2024-01-20,4844989652.57,2604934736.31
2024-01-21,4827683892.97,2567831901.43
2024-01-22,4619018596.35,2423374201.72
2024-01-23,4546155515.46,2334293107.54
2024-01-24,4551188304.26,2357565713.39
2024-01-25,4530779261.69,2309030963.57
2024-01-26,4623539214.55,2383790131.12
2024-01-27,4627704032.52,2404533881.02
2024-01-28,4621055829.06,2385066248.89
2024-01-29,4715241524.80,2459002325.46
2024-01-30,4736435402.29,2506089077.59
2024-01-31,4615424985.63,2406939287.55
2024-02-01,4655782248.01,2430162464.64
2024-02-02,4672543088.77,2465504567.78
2024-02-03,4677024994.21,2455938031.43
2024-02-04,4680696942.26,2407850862.68
2024-02-05,4724778428.47,2399464963.06
2024-02-06,4836393040.68,2529288844.32
2024-02-07,4885375300.07,2575005427.75
2024-02-08,4889537819.53,2545818149.18
2024-02-09,4974503757.73,2679876713.08
2024-02-10,4992911363.07,2665684177.05
2024-02-11,4997239735.32,2692583246.38
2024-02-12,5189986710.08,2744136466.67
2024-02-13,5125184474.60,2693800884.89
2024-02-14,5292869580.11,2759181717.21
2024-02-15,5306060759.07,3014614451.36
2024-02-16,5292290789.09,2988685226.58
2024-02-17,5279053341.03,3108129201.84
2024-02-18,5409377492.83,3074151370.76
2024-02-19,5465402605.67,3101119243.73
2024-02-20,5589904600.20,3037782679.90
2024-02-21,5533228196.41,2973186662.03
2024-02-22,5556982370.98,2962671302.49
2024-02-23,5503654991.58,4567785227.49
2024-02-24,6225309171.97,4529990598.26
2024-02-25,6323073898.52,4455239433.42
2024-02-26,6419813701.88,4244920122.98
2024-02-27,6413140755.77,4347481506.39
2024-02-28,6523392366.81,4383979482.94
2024-02-29,6449097998.90,4470369868.21
2024-03-01,6882957947.28,4659719604.86
2024-03-02,6982908922.50,5052753631.70
2024-03-03,7121917611.23,5064423811.46
2024-03-04,7329383939.57,4988520093.49
2024-03-05,7084560195.73,5301397343.69
2024-03-06,7396943853.14,6171560366.79
2024-03-07,7500353987.79,5978435993.93
2024-03-08,7549159141.17,5864283606.77
2024-03-09,7629534598.07,5702122791.75
2024-03-10,7642935856.18,5700484921.69
2024-03-11,7924052015.34,5801763465.08
2024-03-12,7777878256.64,5625184104.53
2024-03-13,7912809954.03,5702233695.04
2024-03-14,7721008373.23,5597486618.07
2024-03-15,7445006779.66,5227677804.74
2024-03-16,7040531363.28,4808229146.49
2024-03-17,7376469312.42,4992392230.14
2024-03-18,7111068396.09,4754282001.52
2024-03-19,6499253466.24,4262955671.17
2024-03-20,7228487730.73,4768094098.34
2024-03-21,7208366381.34,4884901653.62
2024-03-22,6963056314.99,4684767526.11
2024-03-23,7043910306.14,4673445794.10
2024-03-24,7274257725.39,4833823507.25
2024-03-25,7501519016.14,5001464979.55
2024-03-26,7501696769.63,5081532842.45
2024-03-27,7342469438.00,4920157842.56
2024-03-28,7539698702.46,5141803321.35
2024-03-29,7522677487.90,5071026813.84
2024-03-30,7490925690.75,5072349901.31
2024-03-31,7664041331.10,5202038148.97
2024-04-01,7392053774.37,4986944129.03
2024-04-02,7031411160.53,4546300629.42
2024-04-03,7095352205.94,4371194095.43
2024-04-04,7169911850.02,4390553486.55
2024-04-05,7112153422.68,4382002780.49
2024-04-06,7192263532.69,4513187102.77
2024-04-07,7366689547.17,4572518480.21
2024-04-08,7775834521.36,4682428883.34
2024-04-09,7405185114.54,4498209247.34
2024-04-10,7492077647.12,4016059398.85
2024-04-11,7372472560.87,3675856101.00
2024-04-12,6751631106.46,3178321099.80
2024-04-13,6296906150.80,2780836341.77
2024-04-14,6606772986.05,3026234723.76
2024-04-15,6503279623.58,2913175470.83
2024-04-16,6513335753.38,2891848077.75
2024-04-17,6348643449.14,2767065877.95
2024-04-18,6506899641.76,2922725028.81
2024-04-19,6532993796.90,3006811088.51
2024-04-20,6769877144.75,3152911839.51
2024-04-21,6742385415.38,3097264187.07
2024-04-22,6863842651.16,3298618753.64
2024-04-23,6838040848.03,3198377754.79
2024-04-24,6768874329.17,3080321224.46
2024-04-25,6844823175.64,3189433354.79
2024-04-26,6759239867.75,3081221700.84
2024-04-27,6922839479.99,3199322127.30
2024-04-28,6841794935.24,3148764484.42
2024-04-29,6762865257.75,3095841564.67
2024-04-30,6448508458.96,2826877540.11
2024-05-01,6372509175.30,2821132155.72
2024-05-02,6459491038.09,2858370584.69
2024-05-03,6690570762.74,3042607103.93
2024-05-04,6717066277.49,3025097297.78
2024-05-05,6723427962.24,3051842305.29
2024-05-06,6641441806.60,3003616831.04
2024-05-07,6538819620.49,2964576067.28
2024-05-08,6480814511.65,2942498718.79
2024-05-09,6616321789.55,3002913843.69
2024-05-10,6437627144.36,2846018792.68
2024-05-11,6428225237.29,2834008443.59
2024-05-12,6387221974.50,2830311657.78
2024-05-13,6402927683.90,2809205727.68
2024-05-14,6328418226.65,2720674493.94
2024-05-15,6557958289.66,2958038046.72
2024-05-16,6254591213.83,2921229237.15
2024-05-17,6526171614.86,3010954694.28
2024-05-18,6500428354.40,3158982876.72
2024-05-19,6381315568.95,3070476332.39
2024-05-20,7184709118.36,3735581189.42
2024-05-21,7246522904.29,3857797877.79
2024-05-22,7169845074.47,3738306392.13
2024-05-23,7186529981.67,3633595158.38
2024-05-24,7181677776.89,4082181672.42
2024-05-25,7208075203.51,4536083333.06
2024-05-26,7094577537.21,4485429664.86
2024-05-27,7173715464.61,4433467056.41
2024-05-28,7095721232.05,4473855891.53
2024-05-29,6935888145.23,4200536069.67
2024-05-30,6943478947.87,4299447150.07
2024-05-31,6821741347.41,3993822428.73
2024-06-01,6885472836.06,3959675645.12
2024-06-02,6827449245.84,3762103723.59
2024-06-03,6871963710.94,3805678568.50
2024-06-04,6920165513.12,4580480125.76
2024-06-05,7038531112.66,4463016533.68
2024-06-06,6983021647.52,4255664226.36
2024-06-07,6701944779.04,3917149701.81
2024-06-08,7371509203.09,4006028018.54
2024-06-09,6727895965.19,3933613167.14
2024-06-10,6686426188.47,4137640113.82
2024-06-11,6452128852.22,3592095598.45
2024-06-12,6588063994.90,4019780447.22
2024-06-13,6380404431.54,4052696405.74
2024-06-14,6410201971.36,4157576102.62
2024-06-15,6570594913.93,4599071000.60
2024-06-16,6652042651.51,4780988163.01
2024-06-17,6430004841.66,4254494501.77
2024-06-18,6318299527.47,3886098999.19
2024-06-19,6481746663.92,3977125077.72
2024-06-20,6269313089.21,4013845055.02
2024-06-21,6256982779.61,3917025741.24
2024-06-22,6366711509.72,3937120052.93
2024-06-23,6397448281.68,3920939211.04
2024-06-24,6227043235.05,3728542306.16
2024-06-25,7404406616.96,3789420517.28
2024-06-26,6256750793.93,3764669020.74
2024-06-27,6283589660.44,3797001898.70
2024-06-28,6199162684.30,3595097274.06
2024-06-29,6528965078.19,3544908186.35
2024-06-30,6656565117.92,3711329694.39
2024-07-01,6637518126.55,3666156883.59
2024-07-02,6603946448.16,3588711944.59
2024-07-03,6373962148.78,3397971426.43
2024-07-04,6021997199.22,3054130282.39
2024-07-05,5513298571.29,3106814334.92
2024-07-06,5962556031.27,3283704730.12
2024-07-07,5429660864.93,3057639644.41
2024-07-08,5541627084.82,3210936439.76
2024-07-09,5623525029.49,3271895771.82
2024-07-10,5983150591.53,3219443356.31
2024-07-11,5666858739.01,3132636738.58
2024-07-12,5738287313.78,3241122594.66
2024-07-13,6144219182.00,3269366659.98
2024-07-14,6226193818.63,3368446076.86
2024-07-15,6649491886.32,3423643254.24
2024-07-16,6959288586.19,3273853741.33
2024-07-17,6846337724.65,3184985687.30
2024-07-18,6857478571.02,3132360438.39
2024-07-19,6978783544.80,3197090809.60
2024-07-20,6985967068.80,3197040553.40
2024-07-21,6965621774.98,3248252695.29
2024-07-22,6789588177.74,3118336020.41
2024-07-23,6663792829.78,3089918119.30
2024-07-24,6449389687.28,2955555705.25
2024-07-25,5935585950.49,2914870930.22
2024-07-26,6450667602.85,3069882771.98
2024-07-27,6398855755.57,3067014894.96
2024-07-28,6164066924.62,3012987188.41
2024-07-29,6534745519.95,3070078570.37
2024-07-30,6153187069.02,2949477942.82
2024-07-31,6070164432.11,2876277886.21
2024-08-01,6000067475.24,2874600413.20
2024-08-02,5660491452.55,2641949796.42
2024-08-03,5497861212.59,2648921810.26
2024-08-04,5154487309.54,2461393180.10
2024-08-05,4681533260.47,2148562443.08
2024-08-06,4805793714.79,2319918040.27
2024-08-07,4617558027.27,2257280218.64
2024-08-08,5142181508.26,2512017856.49
2024-08-09,5039456836.23,2454958946.92
2024-08-10,5062289736.19,2479653582.39
2024-08-11,4939633430.61,2362491815.75
2024-08-12,5188391723.66,2495713092.49
2024-08-13,5124060129.29,2532766532.71
2024-08-14,5064496524.71,2568741767.93
2024-08-15,4927324535.13,2482621032.58
2024-08-16,4961966599.30,2598493783.08
2024-08-17,5005553583.66,2558043916.98
2024-08-18,5013874056.91,2472241457.54
2024-08-19,5063342663.60,2487306939.45
2024-08-20,5111383042.89,2507616555.96
2024-08-21,5511783594.30,2836114515.63
2024-08-22,5437434610.94,2770092882.80
2024-08-23,5677288718.45,2807220511.78
2024-08-24,5735080913.13,2763745437.89
2024-08-25,5652114054.02,2654325890.47
2024-08-26,5226134730.02,2521163398.49
2024-08-27,4905044992.43,2280137172.01
2024-08-28,4992075980.34,2303896777.53
2024-08-29,4999495553.93,2324737017.76
2024-08-30,4999254464.65,2348100827.20
2024-08-31,4989523187.88,2371449578.48
2024-09-01,4859812201.68,2248464238.91
2024-09-02,5038568479.93,2449014454.50
2024-09-03,4854025739.10,2413954293.83
2024-09-04,4888736689.17,2572145081.84
2024-09-05,4787115430.10,2516327040.48
2024-09-06,4569834803.09,2458507012.40
2024-09-07,4655395877.76,2568759217.00
2024-09-08,4708143260.57,2535077330.30
2024-09-09,4833775897.36,2689135926.72
2024-09-10,4880461292.27,2686249220.06
2024-09-11,4824041184.88,2709579535.39
2024-09-12,4960411850.04,2720211788.37
2024-09-13,5120413532.33,2771607943.60
2024-09-14,5072509338.93,2663353344.82
2024-09-15,5615762090.37,2611081476.84
2024-09-16,5512411336.33,2557195045.58
2024-09-17,4773303279.20,2714125993.52
2024-09-18,4834360291.13,2694958189.45
2024-09-19,4960618438.07,2727430740.31
2024-09-20,5080909258.75,2711111693.12
2024-09-21,5197048046.65,2761186813.20
2024-09-22,5159064579.58,2651408303.48
2024-09-23,5260013604.85,2738339323.84
2024-09-24,5446324431.92,2774357441.67
2024-09-25,5321483238.87,2710766528.28
2024-09-26,8216126452.20,2941075014.88
2024-09-27,5599651224.17,3057884078.26
2024-09-28,5564422486.06,3031898940.69
2024-09-29,5537902036.64,2978622360.42
2024-09-30,5411865536.30,2959243221.80
2024-10-01,5211363753.92,2752248653.73
2024-10-02,5156661710.61,2669458706.63
2024-10-03,5501939422.25,2616393861.52
2024-10-04,6264674478.72,2679599307.75
2024-10-05,6240443956.20,2729185355.93
2024-10-06,6483234048.33,2819344379.60
2024-10-07,5283173015.14,2894998638.68
2024-10-08,5315898852.73,2860942963.62
2024-10-09,5202642872.74,2907029413.15
2024-10-10,5228407581.10,3233719543.57
2024-10-11,5398346701.69,3155014259.31
2024-10-12,5485070432.40,3256387340.83
2024-10-13,5490151537.06,3062976171.68
2024-10-14,5749261916.76,3238532865.49
2024-10-15,5792759145.35,3125292339.67
2024-10-16,5755771088.56,3039375997.64
2024-10-17,5718187422.08,2938507580.94
2024-10-18,5934956526.21,2976237230.20
2024-10-19,5962648531.80,2924978439.46
2024-10-20,6155809241.47,3220125276.29
2024-10-21,5946168219.85,3125120179.57
2024-10-22,6443888945.27,3209307048.67
2024-10-23,5523979967.49,3129096422.64
2024-10-24,5576857484.64,3204083436.74
2024-10-25,5331573718.85,2963257865.83
2024-10-26,5461889770.87,2966477029.03
2024-10-27,5589048531.59,3012826357.84
2024-10-28,6085036852.77,3101623384.68
2024-10-29,6404800767.74,3170697015.55
2024-10-30,7643832217.67,3253872767.13
2024-10-31,5496167260.74,3037738758.68
2024-11-01,,3013420590.83
2024-11-02,,2941395321.21
2024-11-03,,2815710742.53
2024-11-04,,2703054668.55
2024-11-05,,2870252712.15